aqi,cosubindex,monitordate,no2subindex,o38subindex,o3subindex,pm10subindex,pm25subindex,siteid,sitename,so2subindex
85,6,2026-03-28,40,,,64,85,140,林森,12
91,3,2026-03-28,31,87,,62,91,139,員林,31
84,8,2026-03-28,53,,,61,84,88,臺灣大道,6
87,3,2026-03-28,24,87,,60,63,85,大城,25
101,1,2026-03-28,5,101,,61,65,84,富貴角,0
69,3,2026-03-28,21,,,62,69,83,麥寮,19
39,2,2026-03-28,14,37,,22,39,80,關山,0
71,1,2026-03-28,7,71,,53,64,78,馬公,0
71,3,2026-03-28,26,71,,43,70,77,金門,6
93,2,2026-03-28,17,93,,53,63,75,馬祖,0
86,3,2026-03-28,17,51,,60,86,72,埔里,6
85,6,2026-03-28,45,,,64,85,71,復興,12
52,5,2026-03-28,40,,,45,52,70,永和,6
111,3,2026-03-28,36,77,,73,111,69,竹山,12
72,7,2026-03-28,57,,,64,72,68,中壢,6
62,10,2026-03-28,62,,,50,56,67,三重,12
46,2,2026-03-28,21,45,,33,46,66,冬山,0
44,2,2026-03-28,17,44,,27,40,65,宜蘭,6
67,2,2026-03-28,5,67,,10,6,64,陽明,6
54,3,2026-03-28,26,54,,32,41,63,花蓮,6
46,2,2026-03-28,17,46,,27,44,62,臺東,6
49,2,2026-03-28,0,49,,22,31,61,恆春,0
77,3,2026-03-28,43,77,,59,75,60,潮州,19
81,5,2026-03-28,29,61,,62,81,59,屏東,31
87,5,2026-03-28,53,54,,64,87,58,小港,25
81,5,2026-03-28,48,,,63,81,57,前鎮,12
78,5,2026-03-28,36,64,,64,78,56,前金,6
84,5,2026-03-28,40,71,,64,84,54,左營,12
83,3,2026-03-28,38,67,,67,83,53,楠梓,6
87,5,2026-03-28,33,71,,68,87,52,林園,31
93,6,2026-03-28,43,50,,69,93,51,大寮,52
88,6,2026-03-28,51,,,62,88,50,鳳山,38
93,5,2026-03-28,50,74,,65,93,49,仁武,19
90,3,2026-03-28,40,58,,67,90,48,橋頭,12
84,5,2026-03-28,17,84,,59,76,47,美濃,25
76,3,2026-03-28,33,64,,63,76,46,臺南,12
83,3,2026-03-28,26,64,,63,83,45,安南,12
83,3,2026-03-28,31,71,,68,83,44,善化,25
80,3,2026-03-28,24,64,,65,80,43,新營,12
97,3,2026-03-28,29,54,,70,97,42,嘉義,19
60,2,2026-03-28,17,,,57,60,41,臺西,12
80,3,2026-03-28,26,80,,64,79,40,朴子,19
81,3,2026-03-28,19,67,,67,81,39,新港,12
82,5,2026-03-28,26,67,,69,82,38,崙背,12
108,3,2026-03-28,31,93,,78,108,37,斗六,19
98,3,2026-03-28,36,87,,64,98,36,南投,19
81,5,2026-03-28,29,77,,72,81,35,二林,25
68,3,2026-03-28,38,,,59,68,34,線西,19
79,3,2026-03-28,38,71,,60,79,33,彰化,25
72,3,2026-03-28,45,64,,60,72,32,西屯,12
74,3,2026-03-28,38,71,,60,74,31,忠明,6
87,3,2026-03-28,33,64,,65,87,30,大里,12
75,2,2026-03-28,21,64,,63,75,29,沙鹿,6
77,3,2026-03-28,36,61,,58,77,28,豐原,38
59,3,2026-03-28,17,45,,45,59,27,三義,0
65,2,2026-03-28,26,47,,53,65,26,苗栗,19
66,3,2026-03-28,36,,,64,66,25,頭份,12
64,3,2026-03-28,33,49,,62,64,24,新竹,6
49,3,2026-03-28,38,41,,33,49,23,竹東,0
61,2,2026-03-28,24,51,,58,61,22,湖口,6
60,3,2026-03-28,38,44,,48,60,21,龍潭,6
64,3,2026-03-28,48,44,,62,64,20,平鎮,0
74,2,2026-03-28,17,74,,50,60,19,觀音,6
64,2,2026-03-28,53,64,,59,58,18,大園,12
49,3,2026-03-28,43,49,,38,45,17,桃園,6
64,10,2026-03-28,64,,,38,55,16,大同,6
51,3,2026-03-28,51,38,,40,49,15,松山,12
44,3,2026-03-28,38,44,,38,41,14,古亭,12
51,5,2026-03-28,51,42,,37,51,13,萬華,12
56,5,2026-03-28,52,39,,45,56,12,中山,6
50,3,2026-03-28,26,50,,37,37,11,士林,6
51,3,2026-03-28,21,46,,42,51,10,淡水,6
53,2,2026-03-28,24,44,,45,53,9,林口,6
48,5,2026-03-28,48,45,,40,44,8,菜寮,6
56,3,2026-03-28,56,48,,48,52,7,新莊,6
54,5,2026-03-28,48,46,,40,54,6,板橋,12
47,3,2026-03-28,31,47,,38,39,5,土城,6
49,3,2026-03-28,38,44,,33,49,4,新店,6
59,5,2026-03-28,59,37,,35,54,2,汐止,6
68,6,2026-03-28,68,46,,35,52,1,基隆,12
74,7,2026-03-27,52,,,65,74,140,林森,12
65,3,2026-03-27,36,48,,52,65,139,員林,31
76,9,2026-03-27,61,,,58,76,88,臺灣大道,12
74,2,2026-03-27,17,74,,50,50,85,大城,12
74,1,2026-03-27,7,74,,30,33,84,富貴角,0
59,2,2026-03-27,17,,,51,59,83,麥寮,12
40,2,2026-03-27,10,40,,15,25,80,關山,0
58,2,2026-03-27,7,58,,43,53,78,馬公,0
77,5,2026-03-27,26,77,,48,76,77,金門,12
77,2,2026-03-27,17,77,,40,57,75,馬祖,19
62,3,2026-03-27,24,49,,43,62,72,埔里,6
63,5,2026-03-27,52,,,54,63,71,復興,6
62,10,2026-03-27,62,,,32,51,70,永和,0
74,3,2026-03-27,36,74,,54,70,69,竹山,19
64,7,2026-03-27,64,,,40,59,68,中壢,6
68,11,2026-03-27,68,,,38,54,67,三重,6
44,2,2026-03-27,29,44,,30,39,66,冬山,6
38,2,2026-03-27,33,38,,23,34,65,宜蘭,0
44,2,2026-03-27,19,44,,10,9,64,陽明,6
48,3,2026-03-27,31,48,,20,21,63,花蓮,19
46,2,2026-03-27,14,46,,17,25,62,臺東,0
71,2,2026-03-27,7,71,,30,38,61,恆春,6
77,2,2026-03-27,29,77,,59,63,60,潮州,6
80,3,2026-03-27,26,80,,59,70,59,屏東,6
67,3,2026-03-27,51,46,,55,67,58,小港,12
62,5,2026-03-27,48,,,62,61,57,前鎮,6
62,3,2026-03-27,43,49,,59,62,56,前金,6
67,5,2026-03-27,45,50,,63,67,54,左營,12
71,3,2026-03-27,53,54,,69,71,53,楠梓,6
67,3,2026-03-27,36,44,,61,67,52,林園,19
78,3,2026-03-27,40,64,,67,78,51,大寮,38
72,6,2026-03-27,51,,,59,72,50,鳳山,6
75,3,2026-03-27,53,48,,61,75,49,仁武,19
77,3,2026-03-27,40,48,,62,77,48,橋頭,12
64,3,2026-03-27,17,64,,45,61,47,美濃,6
67,3,2026-03-27,52,48,,63,67,46,臺南,12
73,5,2026-03-27,48,49,,70,73,45,安南,12
66,3,2026-03-27,29,58,,64,66,44,善化,31
69,3,2026-03-27,29,51,,68,69,43,新營,12
72,3,2026-03-27,29,46,,62,72,42,嘉義,19
50,2,2026-03-27,19,,,50,47,41,臺西,12
67,3,2026-03-27,19,67,,61,65,40,朴子,19
64,3,2026-03-27,29,51,,60,64,39,新港,12
62,2,2026-03-27,17,50,,58,62,38,崙背,19
74,2,2026-03-27,31,74,,64,73,37,斗六,25
72,3,2026-03-27,33,51,,53,72,36,南投,6
67,3,2026-03-27,29,51,,67,59,35,二林,12
52,2,2026-03-27,31,,,50,52,34,線西,31
61,3,2026-03-27,48,45,,52,61,33,彰化,31
59,3,2026-03-27,50,47,,53,59,32,西屯,6
62,3,2026-03-27,40,44,,53,62,31,忠明,12
66,5,2026-03-27,40,44,,59,66,30,大里,12
60,2,2026-03-27,33,50,,53,60,29,沙鹿,6
61,3,2026-03-27,43,46,,42,61,28,豐原,19
52,2,2026-03-27,31,38,,37,52,27,三義,6
58,3,2026-03-27,45,37,,42,58,26,苗栗,12
56,3,2026-03-27,52,,,45,56,25,頭份,6
52,3,2026-03-27,52,44,,33,44,24,新竹,6
52,2,2026-03-27,52,27,,27,52,23,竹東,6
44,2,2026-03-27,31,44,,25,36,22,湖口,6
59,3,2026-03-27,53,35,,40,59,21,龍潭,0
54,5,2026-03-27,54,34,,35,50,20,平鎮,0
49,2,2026-03-27,40,49,,18,29,19,觀音,0
58,2,2026-03-27,58,44,,22,30,18,大園,6
56,5,2026-03-27,56,37,,28,47,17,桃園,0
67,11,2026-03-27,67,,,23,50,16,大同,6
62,5,2026-03-27,62,27,,27,46,15,松山,12
59,5,2026-03-27,59,36,,27,42,14,古亭,6
58,6,2026-03-27,58,28,,25,46,13,萬華,6
60,7,2026-03-27,60,27,,33,52,12,中山,6
53,3,2026-03-27,53,31,,30,43,11,士林,6
43,2,2026-03-27,31,43,,18,33,10,淡水,6
52,2,2026-03-27,52,43,,18,30,9,林口,12
60,5,2026-03-27,60,37,,30,42,8,菜寮,0
60,3,2026-03-27,60,36,,38,47,7,新莊,0
60,5,2026-03-27,60,31,,27,48,6,板橋,6
62,5,2026-03-27,62,32,,33,40,5,土城,0
57,5,2026-03-27,57,34,,30,54,4,新店,6
57,3,2026-03-27,57,31,,22,41,2,汐止,0
51,3,2026-03-27,51,44,,18,37,1,基隆,6
80,6,2026-03-26,50,,,67,80,140,林森,12
100,5,2026-03-26,48,100,,63,80,139,員林,19
81,10,2026-03-26,60,,,62,81,88,臺灣大道,12
97,5,2026-03-26,31,97,,62,66,85,大城,19
77,1,2026-03-26,5,77,,47,48,84,富貴角,0
66,5,2026-03-26,33,,,64,66,83,麥寮,19
41,3,2026-03-26,12,41,,5,17,80,關山,6
80,2,2026-03-26,10,80,,55,62,78,馬公,0
93,3,2026-03-26,24,93,,52,70,77,金門,12
84,3,2026-03-26,33,84,,54,75,75,馬祖,6
72,3,2026-03-26,24,58,,52,72,72,埔里,6
66,5,2026-03-26,40,,,64,66,71,復興,12
54,5,2026-03-26,51,,,47,54,70,永和,6
101,3,2026-03-26,36,101,,68,88,69,竹山,19
65,10,2026-03-26,65,,,55,60,68,中壢,6
65,9,2026-03-26,65,,,52,56,67,三重,6
58,2,2026-03-26,24,50,,54,58,66,冬山,12
64,2,2026-03-26,14,64,,47,52,65,宜蘭,6
61,2,2026-03-26,14,61,,37,42,64,陽明,19
47,3,2026-03-26,26,47,,38,44,63,花蓮,6
38,3,2026-03-26,24,38,,13,20,62,臺東,6
50,2,2026-03-26,5,50,,20,23,61,恆春,6
80,3,2026-03-26,19,80,,55,60,60,潮州,6
97,3,2026-03-26,26,97,,59,67,59,屏東,12
80,3,2026-03-26,53,80,,61,63,58,小港,12
63,5,2026-03-26,31,,,63,62,57,前鎮,6
97,3,2026-03-26,31,97,,59,59,56,前金,6
100,5,2026-03-26,38,100,,61,66,54,左營,6
84,5,2026-03-26,57,84,,73,77,53,楠梓,12
74,3,2026-03-26,19,74,,52,59,52,林園,6
71,6,2026-03-26,52,61,,63,71,51,大寮,44
66,6,2026-03-26,50,,,57,66,50,鳳山,12
97,5,2026-03-26,50,97,,62,73,49,仁武,12
83,5,2026-03-26,52,74,,69,83,48,橋頭,12
97,3,2026-03-26,21,97,,61,71,47,美濃,12
73,5,2026-03-26,51,48,,69,73,46,臺南,12
76,5,2026-03-26,43,74,,72,76,45,安南,12
74,5,2026-03-26,38,74,,64,72,44,善化,12
72,6,2026-03-26,40,67,,71,72,43,新營,19
90,6,2026-03-26,40,61,,74,90,42,嘉義,19
65,3,2026-03-26,38,,,61,65,41,臺西,25
80,5,2026-03-26,31,80,,65,76,40,朴子,19
85,6,2026-03-26,31,77,,77,85,39,新港,19
90,7,2026-03-26,38,90,,74,83,38,崙背,19
100,5,2026-03-26,40,100,,76,93,37,斗六,19
90,5,2026-03-26,38,90,,59,77,36,南投,6
90,7,2026-03-26,38,90,,83,78,35,二林,51
64,5,2026-03-26,51,,,60,64,34,線西,51
87,6,2026-03-26,52,87,,58,71,33,彰化,12
93,5,2026-03-26,53,93,,60,68,32,西屯,19
80,6,2026-03-26,54,80,,62,70,31,忠明,19
77,5,2026-03-26,45,77,,67,76,30,大里,12
97,5,2026-03-26,50,97,,61,68,29,沙鹿,31
112,5,2026-03-26,40,112,,54,70,28,豐原,12
104,3,2026-03-26,31,104,,52,62,27,三義,19
87,3,2026-03-26,31,87,,43,52,26,苗栗,38
53,3,2026-03-26,38,,,53,53,25,頭份,6
71,3,2026-03-26,43,71,,52,52,24,新竹,6
71,3,2026-03-26,33,71,,43,59,23,竹東,6
64,2,2026-03-26,29,64,,52,52,22,湖口,12
60,3,2026-03-26,54,44,,51,60,21,龍潭,6
56,5,2026-03-26,52,47,,53,56,20,平鎮,0
61,2,2026-03-26,33,61,,45,50,19,觀音,12
60,2,2026-03-26,60,47,,51,55,18,大園,12
52,5,2026-03-26,52,48,,47,46,17,桃園,6
63,8,2026-03-26,63,,,40,50,16,大同,6
55,2,2026-03-26,55,42,,48,49,15,松山,12
47,2,2026-03-26,43,47,,43,44,14,古亭,6
52,3,2026-03-26,52,44,,42,48,13,萬華,12
55,3,2026-03-26,52,42,,51,55,12,中山,6
51,2,2026-03-26,33,51,,48,46,11,士林,25
65,3,2026-03-26,40,46,,65,54,10,淡水,19
47,3,2026-03-26,38,47,,47,46,9,林口,19
48,3,2026-03-26,43,48,,42,47,8,菜寮,12
57,3,2026-03-26,52,49,,57,53,7,新莊,6
52,5,2026-03-26,52,47,,43,49,6,板橋,6
47,3,2026-03-26,43,47,,47,42,5,土城,0
52,2,2026-03-26,38,46,,45,52,4,新店,6
55,2,2026-03-26,55,47,,40,42,2,汐止,6
56,3,2026-03-26,56,51,,32,38,1,基隆,6
84,6,2026-03-25,52,,,68,84,140,林森,12
78,5,2026-03-25,45,64,,61,78,139,員林,25
79,9,2026-03-25,57,,,60,79,88,臺灣大道,6
98,3,2026-03-25,26,67,,72,98,85,大城,6
77,2,2026-03-25,31,77,,37,55,84,富貴角,6
96,3,2026-03-25,29,,,76,96,83,麥寮,6
39,2,2026-03-25,10,39,,18,32,80,關山,0
64,2,2026-03-25,12,64,,33,55,78,馬公,6
114,3,2026-03-25,48,104,,,114,77,金門,19
90,6,2026-03-25,24,90,,40,67,75,馬祖,6
86,3,2026-03-25,21,61,,60,86,72,埔里,6
78,5,2026-03-25,50,,,62,78,71,復興,12
76,11,2026-03-25,59,,,55,76,70,永和,12
97,3,2026-03-25,36,97,,60,81,69,竹山,12
85,9,2026-03-25,63,,,62,85,68,中壢,12
71,9,2026-03-25,59,,,52,71,67,三重,19
58,3,2026-03-25,29,47,,48,58,66,冬山,0
53,3,2026-03-25,17,46,,37,53,65,宜蘭,6
43,3,2026-03-25,7,43,,25,31,64,陽明,6
46,3,2026-03-25,14,46,,32,42,63,花蓮,6
46,2,2026-03-25,10,46,,27,40,62,臺東,0
50,1,2026-03-25,12,50,,33,48,61,恆春,12
84,3,2026-03-25,31,84,,64,72,60,潮州,19
75,3,2026-03-25,31,67,,64,75,59,屏東,12
77,3,2026-03-25,68,44,,63,77,58,小港,25
75,3,2026-03-25,48,,,62,75,57,前鎮,6
72,3,2026-03-25,40,54,,64,72,56,前金,6
76,5,2026-03-25,38,48,,65,76,54,左營,6
82,3,2026-03-25,48,47,,74,82,53,楠梓,12
70,3,2026-03-25,36,43,,59,70,52,林園,19
84,3,2026-03-25,38,64,,68,84,51,大寮,6
86,6,2026-03-25,48,,,63,86,50,鳳山,12
90,3,2026-03-25,51,48,,69,90,49,仁武,12
91,3,2026-03-25,45,45,,71,91,48,橋頭,12
84,3,2026-03-25,21,84,,52,62,47,美濃,6
81,3,2026-03-25,48,58,,69,81,46,臺南,6
93,5,2026-03-25,53,61,,81,93,45,安南,12
89,3,2026-03-25,50,61,,77,89,44,善化,19
88,3,2026-03-25,51,49,,74,88,43,新營,12
92,6,2026-03-25,52,48,,72,92,42,嘉義,25
85,3,2026-03-25,31,,,69,85,41,臺西,12
86,3,2026-03-25,31,51,,70,86,40,朴子,12
91,3,2026-03-25,31,49,,84,91,39,新港,12
105,5,2026-03-25,40,48,,83,105,38,崙背,19
92,5,2026-03-25,36,87,,73,92,37,斗六,25
81,5,2026-03-25,45,80,,58,81,36,南投,6
104,6,2026-03-25,40,51,,101,104,35,二林,19
84,6,2026-03-25,53,,,73,84,34,線西,31
73,6,2026-03-25,50,49,,59,73,33,彰化,6
75,5,2026-03-25,57,58,,63,75,32,西屯,6
73,5,2026-03-25,53,58,,60,73,31,忠明,6
76,6,2026-03-25,51,61,,62,76,30,大里,6
69,5,2026-03-25,55,58,,57,69,29,沙鹿,6
84,3,2026-03-25,26,84,,42,59,28,豐原,6
77,3,2026-03-25,29,77,,38,53,27,三義,6
66,5,2026-03-25,48,58,,45,66,26,苗栗,25
68,5,2026-03-25,48,,,54,68,25,頭份,12
63,5,2026-03-25,52,48,,52,63,24,新竹,12
71,3,2026-03-25,31,71,,38,58,23,竹東,6
70,5,2026-03-25,53,46,,50,70,22,湖口,12
80,3,2026-03-25,52,44,,57,80,21,龍潭,6
78,5,2026-03-25,54,40,,62,78,20,平鎮,6
64,3,2026-03-25,48,47,,40,64,19,觀音,12
69,3,2026-03-25,52,43,,47,69,18,大園,12
73,5,2026-03-25,40,46,,51,73,17,桃園,6
64,7,2026-03-25,57,,,40,64,16,大同,6
72,3,2026-03-25,50,43,,48,72,15,松山,19
69,3,2026-03-25,50,43,,52,69,14,古亭,12
71,3,2026-03-25,54,43,,47,71,13,萬華,19
73,6,2026-03-25,55,41,,53,73,12,中山,6
59,3,2026-03-25,24,47,,43,59,11,士林,19
59,5,2026-03-25,48,43,,37,59,10,淡水,6
56,3,2026-03-25,40,44,,38,56,9,林口,12
62,5,2026-03-25,52,46,,45,62,8,菜寮,6
67,3,2026-03-25,52,48,,55,67,7,新莊,6
73,5,2026-03-25,43,44,,51,73,6,板橋,12
64,5,2026-03-25,50,45,,52,64,5,土城,12
68,3,2026-03-25,43,44,,47,68,4,新店,19
71,3,2026-03-25,53,44,,47,71,2,汐止,31
59,3,2026-03-25,52,49,,37,59,1,基隆,6
59,5,2025-12-31,51,,,55,59,140,林森,12
36,2,2025-12-31,29,36,,18,36,139,員林,12
52,1,2025-12-31,17,43,,43,52,85,大城,6
68,1,2025-12-31,2,49,,68,54,84,富貴角,0
55,2,2025-12-31,26,,,55,43,83,麥寮,12
37,1,2025-12-31,19,37,,13,17,80,關山,6
57,2,2025-12-31,17,46,,57,57,78,馬公,6
76,3,2025-12-31,38,46,,63,76,77,金門,19
72,2,2025-12-31,12,47,,67,72,75,馬祖,6
45,3,2025-12-31,38,40,,33,45,72,埔里,6
79,6,2025-12-31,55,,,64,79,71,復興,12
62,11,2025-12-31,62,,,17,35,70,永和,6
46,2,2025-12-31,43,42,,37,46,69,竹山,6
55,5,2025-12-31,55,,,32,48,68,中壢,6
66,14,2025-12-31,66,,,27,44,67,三重,6
50,2,2025-12-31,50,37,,7,15,66,冬山,0
33,2,2025-12-31,33,31,,5,15,65,宜蘭,0
43,1,2025-12-31,2,43,,12,2,64,陽明,6
43,2,2025-12-31,17,43,,15,10,63,花蓮,6
45,2,2025-12-31,10,45,,25,17,62,臺東,19
48,1,2025-12-31,0,48,,8,12,61,恆春,6
75,3,2025-12-31,31,67,,65,75,60,潮州,6
62,3,2025-12-31,33,49,,58,62,59,屏東,6
77,5,2025-12-31,54,49,,69,77,58,小港,12
73,6,2025-12-31,53,,,70,73,57,前鎮,53
70,3,2025-12-31,50,47,,64,70,56,前金,6
68,3,2025-12-31,51,41,,63,68,54,左營,12
70,3,2025-12-31,48,42,,68,70,53,楠梓,12
77,5,2025-12-31,55,45,,77,77,52,林園,31
73,3,2025-12-31,51,50,,65,73,51,大寮,6
73,7,2025-12-31,57,,,68,73,50,鳳山,19
76,3,2025-12-31,55,44,,67,76,49,仁武,19
74,3,2025-12-31,50,44,,62,74,48,橋頭,12
47,2,2025-12-31,24,47,,45,45,47,美濃,6
57,2,2025-12-31,40,43,,51,57,46,臺南,6
57,2,2025-12-31,40,44,,54,57,45,安南,6
61,2,2025-12-31,33,42,,54,61,44,善化,19
53,2,2025-12-31,51,38,,51,53,43,新營,12
61,3,2025-12-31,38,40,,51,61,42,嘉義,12
48,1,2025-12-31,12,,,48,40,41,臺西,12
48,2,2025-12-31,21,40,,48,41,40,朴子,6
51,2,2025-12-31,29,39,,47,51,39,新港,6
52,2,2025-12-31,24,35,,35,52,38,崙背,6
55,2,2025-12-31,36,42,,48,55,37,斗六,6
40,3,2025-12-31,40,32,,28,38,36,南投,6
48,2,2025-12-31,21,37,,48,38,35,二林,12
31,2,2025-12-31,31,,,27,30,34,線西,12
34,3,2025-12-31,31,34,,22,26,33,彰化,6
34,2,2025-12-31,24,34,,18,21,32,西屯,6
38,2,2025-12-31,38,31,,20,27,31,忠明,6
48,3,2025-12-31,48,31,,28,21,30,大里,6
37,1,2025-12-31,19,37,,22,29,29,沙鹿,6
36,2,2025-12-31,21,36,,12,19,28,豐原,6
36,1,2025-12-31,17,36,,10,13,27,三義,6
35,1,2025-12-31,19,35,,15,31,26,苗栗,6
29,2,2025-12-31,26,,,25,29,25,頭份,6
36,2,2025-12-31,24,36,,25,27,24,新竹,12
38,2,2025-12-31,21,38,,13,19,23,竹東,6
37,1,2025-12-31,21,37,,27,27,22,湖口,6
36,2,2025-12-31,33,36,,18,29,21,龍潭,6
52,2,2025-12-31,52,32,,28,45,20,平鎮,6
41,1,2025-12-31,12,41,,37,38,19,觀音,0
39,1,2025-12-31,38,39,,33,31,18,大園,12
35,2,2025-12-31,29,35,,20,27,17,桃園,6
67,24,2025-12-31,67,,,22,43,16,大同,12
57,3,2025-12-31,57,31,,15,26,15,松山,12
57,5,2025-12-31,57,32,,18,23,14,古亭,6
62,6,2025-12-31,62,30,,18,35,13,萬華,0
60,6,2025-12-31,60,31,,23,34,12,中山,0
61,3,2025-12-31,61,29,,25,34,11,士林,0
38,2,2025-12-31,17,38,,20,23,10,淡水,0
39,1,2025-12-31,19,39,,18,31,9,林口,6
56,3,2025-12-31,56,31,,18,21,8,菜寮,0
43,2,2025-12-31,43,34,,25,24,7,新莊,0
62,5,2025-12-31,62,31,,20,40,6,板橋,6
60,5,2025-12-31,60,30,,20,27,5,土城,0
45,3,2025-12-31,45,32,,15,24,4,新店,6
56,3,2025-12-31,56,34,,13,24,2,汐止,12
41,2,2025-12-31,24,41,,27,34,1,基隆,6
68,5,2025-12-30,38,,,68,65,140,林森,6
53,3,2025-12-30,45,35,,40,53,139,員林,6
48,1,2025-12-30,26,44,,47,48,85,大城,6
54,0,2025-12-30,5,50,,54,42,84,富貴角,6
53,2,2025-12-30,33,,,53,44,83,麥寮,12
33,1,2025-12-30,14,33,,17,20,80,關山,6
47,1,2025-12-30,17,47,,45,47,78,馬公,0
79,3,2025-12-30,55,71,,63,79,77,金門,19
115,3,2025-12-30,21,115,,67,89,75,馬祖,6
45,3,2025-12-30,40,37,,32,45,72,埔里,6
82,6,2025-12-30,53,,,76,82,71,復興,12
60,11,2025-12-30,60,,,23,31,70,永和,6
52,2,2025-12-30,40,42,,42,52,69,竹山,6
58,6,2025-12-30,58,,,33,42,68,中壢,6
64,12,2025-12-30,64,,,28,36,67,三重,6
36,2,2025-12-30,31,36,,20,18,66,冬山,0
33,2,2025-12-30,21,33,,10,17,65,宜蘭,0
44,1,2025-12-30,2,44,,12,10,64,陽明,6
38,2,2025-12-30,14,38,,20,14,63,花蓮,6
40,1,2025-12-30,10,40,,37,19,62,臺東,19
43,1,2025-12-30,2,43,,10,15,61,恆春,6
65,2,2025-12-30,33,50,,59,65,60,潮州,6
61,3,2025-12-30,38,46,,60,61,59,屏東,6
87,5,2025-12-30,57,48,,78,87,58,小港,12
82,5,2025-12-30,53,,,82,76,57,前鎮,44
76,3,2025-12-30,50,48,,76,71,56,前金,12
74,5,2025-12-30,45,44,,74,73,54,左營,12
76,2,2025-12-30,48,47,,76,73,53,楠梓,6
84,5,2025-12-30,52,51,,81,84,52,林園,19
76,3,2025-12-30,53,47,,74,76,51,大寮,12
76,7,2025-12-30,55,,,76,74,50,鳳山,12
80,6,2025-12-30,53,44,,73,80,49,仁武,6
78,2,2025-12-30,48,45,,70,78,48,橋頭,6
51,2,2025-12-30,29,51,,45,48,47,美濃,6
64,2,2025-12-30,33,43,,64,58,46,臺南,12
67,2,2025-12-30,31,41,,67,63,45,安南,6
66,2,2025-12-30,33,42,,64,66,44,善化,12
64,2,2025-12-30,43,38,,64,60,43,新營,6
68,3,2025-12-30,40,36,,62,68,42,嘉義,19
47,1,2025-12-30,19,,,47,37,41,臺西,6
54,2,2025-12-30,29,37,,54,49,40,朴子,6
60,2,2025-12-30,48,36,,58,60,39,新港,12
60,2,2025-12-30,38,35,,54,60,38,崙背,12
66,3,2025-12-30,40,40,,59,66,37,斗六,6
46,3,2025-12-30,45,35,,40,46,36,南投,6
61,2,2025-12-30,38,36,,61,46,35,二林,19
52,3,2025-12-30,52,,,42,39,34,線西,12
46,3,2025-12-30,45,32,,35,46,33,彰化,6
54,3,2025-12-30,54,33,,35,46,32,西屯,6
52,5,2025-12-30,52,28,,35,44,31,忠明,6
43,5,2025-12-30,43,30,,38,40,30,大里,6
51,2,2025-12-30,51,36,,33,35,29,沙鹿,6
38,2,2025-12-30,38,33,,25,31,28,豐原,6
33,2,2025-12-30,33,32,,17,28,27,三義,6
38,2,2025-12-30,38,33,,23,37,26,苗栗,6
48,2,2025-12-30,48,,,28,28,25,頭份,6
51,2,2025-12-30,51,35,,28,35,24,新竹,12
36,2,2025-12-30,31,36,,18,23,23,竹東,12
54,2,2025-12-30,54,40,,28,25,22,湖口,6
45,2,2025-12-30,45,31,,20,20,21,龍潭,6
57,2,2025-12-30,57,31,,27,40,20,平鎮,6
43,1,2025-12-30,12,43,,35,29,19,觀音,6
54,1,2025-12-30,54,37,,27,25,18,大園,19
53,3,2025-12-30,53,34,,22,27,17,桃園,6
65,16,2025-12-30,65,,,23,42,16,大同,6
53,3,2025-12-30,53,24,,23,27,15,松山,6
51,3,2025-12-30,51,32,,23,22,14,古亭,6
59,6,2025-12-30,59,25,,20,28,13,萬華,6
54,5,2025-12-30,54,26,,27,30,12,中山,6
61,5,2025-12-30,61,37,,22,29,11,士林,0
38,1,2025-12-30,26,38,,22,25,10,淡水,6
39,1,2025-12-30,21,39,,18,21,9,林口,6
54,3,2025-12-30,54,31,,18,21,8,菜寮,6
48,2,2025-12-30,48,33,,30,26,7,新莊,0
57,3,2025-12-30,57,25,,20,33,6,板橋,0
60,5,2025-12-30,60,29,,22,21,5,土城,0
45,2,2025-12-30,45,33,,17,23,4,新店,6
52,3,2025-12-30,52,31,,18,22,2,汐止,6
41,2,2025-12-30,36,41,,27,30,1,基隆,6
57,6,2025-12-29,52,,,57,55,140,林森,12
53,3,2025-12-29,53,37,,38,45,139,員林,12
46,1,2025-12-29,14,46,,35,40,85,大城,6
47,0,2025-12-29,7,47,,35,25,84,富貴角,12
43,3,2025-12-29,31,,,43,29,83,麥寮,12
32,1,2025-12-29,12,32,,13,17,80,關山,0
49,1,2025-12-29,7,49,,42,35,78,馬公,0
57,2,2025-12-29,53,48,,50,57,77,金門,19
50,2,2025-12-29,19,50,,37,42,75,馬祖,12
55,3,2025-12-29,55,34,,30,38,72,埔里,6
81,8,2025-12-29,56,,,65,81,71,復興,6
53,5,2025-12-29,53,,,28,24,70,永和,6
59,3,2025-12-29,52,31,,48,59,69,竹山,12
54,8,2025-12-29,54,,,30,32,68,中壢,6
62,10,2025-12-29,62,,,32,31,67,三重,6
45,1,2025-12-29,45,30,,15,21,66,冬山,0
31,1,2025-12-29,19,31,,8,18,65,宜蘭,6
41,1,2025-12-29,2,41,,15,8,64,陽明,6
45,3,2025-12-29,45,33,,18,17,63,花蓮,6
37,1,2025-12-29,14,37,,20,16,62,臺東,6
41,1,2025-12-29,0,41,,7,9,61,恆春,6
76,3,2025-12-29,33,48,,61,76,60,潮州,12
64,3,2025-12-29,53,42,,60,64,59,屏東,6
83,7,2025-12-29,64,28,,70,83,58,小港,25
72,6,2025-12-29,54,,,71,72,57,前鎮,38
73,5,2025-12-29,52,40,,69,73,56,前金,12
79,5,2025-12-29,52,35,,63,79,54,左營,12
74,3,2025-12-29,50,35,,74,74,53,楠梓,12
79,3,2025-12-29,58,39,,73,79,52,林園,44
76,5,2025-12-29,60,38,,70,76,51,大寮,19
76,8,2025-12-29,63,,,68,76,50,鳳山,19
82,5,2025-12-29,67,31,,74,82,49,仁武,12
81,3,2025-12-29,54,31,,67,81,48,橋頭,12
46,2,2025-12-29,29,35,,32,46,47,美濃,0
53,3,2025-12-29,53,39,,51,52,46,臺南,12
51,3,2025-12-29,36,40,,51,51,45,安南,12
61,2,2025-12-29,36,36,,53,61,44,善化,19
47,2,2025-12-29,38,38,,47,46,43,新營,12
63,3,2025-12-29,43,31,,54,63,42,嘉義,19
38,1,2025-12-29,14,,,38,28,41,臺西,6
42,2,2025-12-29,36,42,,42,33,40,朴子,12
44,2,2025-12-29,21,39,,43,44,39,新港,12
44,2,2025-12-29,24,40,,40,44,38,崙背,12
68,3,2025-12-29,52,37,,60,68,37,斗六,12
58,5,2025-12-29,58,31,,45,52,36,南投,6
52,2,2025-12-29,24,41,,52,27,35,二林,19
38,3,2025-12-29,33,,,38,25,34,線西,25
48,2,2025-12-29,48,35,,37,33,33,彰化,6
55,3,2025-12-29,55,33,,33,38,32,西屯,6
50,3,2025-12-29,50,32,,33,34,31,忠明,12
60,6,2025-12-29,60,32,,48,41,30,大里,12
52,2,2025-12-29,52,39,,33,25,29,沙鹿,6
55,3,2025-12-29,55,31,,30,31,28,豐原,12
40,1,2025-12-29,36,40,,18,19,27,三義,6
58,5,2025-12-29,55,35,,38,58,26,苗栗,25
55,3,2025-12-29,55,,,30,28,25,頭份,25
55,5,2025-12-29,55,33,,23,21,24,新竹,12
38,2,2025-12-29,38,31,,17,20,23,竹東,12
69,3,2025-12-29,69,34,,27,17,22,湖口,6
33,2,2025-12-29,33,33,,22,17,21,龍潭,6
40,3,2025-12-29,40,31,,20,27,20,平鎮,6
45,1,2025-12-29,45,38,,35,31,19,觀音,19
57,2,2025-12-29,57,31,,23,18,18,大園,12
48,3,2025-12-29,48,26,,17,16,17,桃園,6
64,9,2025-12-29,64,,,18,29,16,大同,12
60,3,2025-12-29,60,25,,28,25,15,松山,12
36,2,2025-12-29,36,35,,28,20,14,古亭,6
59,3,2025-12-29,59,28,,22,24,13,萬華,12
59,5,2025-12-29,59,27,,32,26,12,中山,6
45,2,2025-12-29,45,32,,25,19,11,士林,6
58,3,2025-12-29,58,32,,28,18,10,淡水,12
52,2,2025-12-29,52,31,,23,25,9,林口,6
54,3,2025-12-29,54,35,,20,17,8,菜寮,6
55,3,2025-12-29,55,36,,33,21,7,新莊,6
51,3,2025-12-29,51,31,,20,23,6,板橋,6
48,3,2025-12-29,48,32,,17,13,5,土城,0
45,2,2025-12-29,45,35,,18,16,4,新店,6
59,2,2025-12-29,59,29,,18,23,2,汐止,6
52,3,2025-12-29,52,38,,18,17,1,基隆,6
63,5,2025-12-28,50,,,51,63,140,林森,19
56,3,2025-12-28,31,28,,27,56,139,員林,12
40,2,2025-12-28,26,37,,32,40,85,大城,25
44,0,2025-12-28,7,44,,35,27,84,富貴角,0
35,2,2025-12-28,29,,,33,35,83,麥寮,19
32,1,2025-12-28,10,32,,8,16,80,關山,6
42,1,2025-12-28,7,42,,32,23,78,馬公,6
53,2,2025-12-28,38,46,,43,53,77,金門,12
46,2,2025-12-28,26,42,,38,46,75,馬祖,12
42,2,2025-12-28,26,28,,28,42,72,埔里,6
68,5,2025-12-28,53,,,52,68,71,復興,12
45,3,2025-12-28,45,,,17,27,70,永和,12
59,3,2025-12-28,36,21,,37,59,69,竹山,12
54,5,2025-12-28,54,,,20,24,68,中壢,6
59,9,2025-12-28,59,,,22,23,67,三重,6
35,1,2025-12-28,14,35,,5,8,66,冬山,0
31,1,2025-12-28,17,31,,3,14,65,宜蘭,0
39,1,2025-12-28,0,39,,5,5,64,陽明,6
35,2,2025-12-28,17,35,,15,15,63,花蓮,6
38,1,2025-12-28,7,38,,13,15,62,臺東,6
39,1,2025-12-28,2,39,,5,8,61,恆春,0
73,3,2025-12-28,31,51,,55,73,60,潮州,12
67,3,2025-12-28,40,36,,47,67,59,屏東,6
69,5,2025-12-28,55,40,,54,69,58,小港,19
63,5,2025-12-28,51,,,58,63,57,前鎮,31
62,3,2025-12-28,48,37,,57,62,56,前金,6
65,3,2025-12-28,38,33,,51,65,54,左營,12
68,2,2025-12-28,36,33,,57,68,53,楠梓,12
73,3,2025-12-28,52,37,,62,73,52,林園,38
69,3,2025-12-28,45,42,,52,69,51,大寮,12
62,5,2025-12-28,54,,,53,62,50,鳳山,12
70,3,2025-12-28,50,34,,59,70,49,仁武,19
71,3,2025-12-28,38,32,,53,71,48,橋頭,6
53,3,2025-12-28,26,32,,38,53,47,美濃,6
60,3,2025-12-28,48,31,,47,60,46,臺南,12
60,3,2025-12-28,36,31,,43,60,45,安南,12
70,2,2025-12-28,31,29,,54,70,44,善化,25
63,2,2025-12-28,33,26,,43,63,43,新營,12
67,3,2025-12-28,36,23,,50,67,42,嘉義,50
33,2,2025-12-28,26,,,33,27,41,臺西,12
50,2,2025-12-28,33,30,,37,50,40,朴子,12
61,2,2025-12-28,38,27,,40,61,39,新港,12
56,3,2025-12-28,33,28,,37,56,38,崙背,19
29,2,2025-12-28,29,27,,,,37,斗六,6
55,3,2025-12-28,50,24,,35,55,36,南投,6
38,3,2025-12-28,29,31,,38,36,35,二林,19
31,3,2025-12-28,31,,,20,21,34,線西,25
38,3,2025-12-28,38,29,,22,38,33,彰化,6
38,2,2025-12-28,36,27,,22,38,32,西屯,6
35,3,2025-12-28,33,26,,22,35,31,忠明,12
40,5,2025-12-28,40,24,,32,36,30,大里,6
32,1,2025-12-28,21,32,,22,27,29,沙鹿,6
33,2,2025-12-28,21,27,,18,33,28,豐原,19
29,1,2025-12-28,14,29,,10,16,27,三義,6
32,1,2025-12-28,26,32,,12,23,26,苗栗,12
33,2,2025-12-28,33,,,18,18,25,頭份,6
33,2,2025-12-28,26,33,,13,17,24,新竹,12
31,2,2025-12-28,21,31,,10,13,23,竹東,12
32,1,2025-12-28,19,32,,18,10,22,湖口,6
31,2,2025-12-28,24,31,,10,,21,龍潭,6
38,2,2025-12-28,38,31,,15,16,20,平鎮,0
45,1,2025-12-28,45,37,,15,19,19,觀音,6
60,2,2025-12-28,60,34,,15,15,18,大園,12
36,2,2025-12-28,36,32,,8,14,17,桃園,12
58,8,2025-12-28,58,,,13,28,16,大同,12
43,2,2025-12-28,43,28,,17,18,15,松山,19
31,2,2025-12-28,24,31,,13,13,14,古亭,12
43,2,2025-12-28,43,29,,12,20,13,萬華,12
54,3,2025-12-28,54,28,,22,23,12,中山,6
43,2,2025-12-28,43,33,,12,15,11,士林,12
33,2,2025-12-28,33,32,,12,16,10,淡水,6
33,2,2025-12-28,33,31,,12,13,9,林口,12
38,2,2025-12-28,38,30,,12,10,8,菜寮,12
32,1,2025-12-28,24,32,,18,16,7,新莊,6
36,2,2025-12-28,36,29,,12,25,6,板橋,12
31,2,2025-12-28,29,31,,13,9,5,土城,6
31,2,2025-12-28,29,31,,10,15,4,新店,12
36,1,2025-12-28,36,30,,10,17,2,汐止,12
40,2,2025-12-28,40,36,,15,17,1,基隆,6
74,7,2025-12-27,55,,,62,74,140,林森,25
50,3,2025-12-27,50,28,,27,47,139,員林,19
49,3,2025-12-27,38,35,,37,49,85,大城,19
42,0,2025-12-27,2,42,,37,30,84,富貴角,0
43,6,2025-12-27,38,,,37,43,83,麥寮,12
25,1,2025-12-27,14,25,,12,16,80,關山,6
38,1,2025-12-27,7,38,,30,27,78,馬公,6
48,2,2025-12-27,31,43,,37,48,77,金門,12
47,3,2025-12-27,19,37,,40,47,75,馬祖,19
53,3,2025-12-27,21,26,,32,53,72,埔里,6
67,5,2025-12-27,54,,,54,67,71,復興,6
53,5,2025-12-27,53,,,13,19,70,永和,6
64,3,2025-12-27,45,22,,45,64,69,竹山,12
53,5,2025-12-27,53,,,20,31,68,中壢,6
60,10,2025-12-27,60,,,23,26,67,三重,6
50,1,2025-12-27,50,31,,7,15,66,冬山,0
31,1,2025-12-27,12,31,,3,15,65,宜蘭,6
38,1,2025-12-27,2,38,,8,5,64,陽明,6
36,3,2025-12-27,36,31,,15,13,63,花蓮,12
24,2,2025-12-27,21,24,,12,10,62,臺東,12
34,1,2025-12-27,5,34,,3,5,61,恆春,6
65,2,2025-12-27,33,32,,53,65,60,潮州,6
61,3,2025-12-27,33,30,,53,61,59,屏東,6
66,3,2025-12-27,56,31,,55,66,58,小港,12
59,5,2025-12-27,53,,,59,59,57,前鎮,19
63,3,2025-12-27,52,32,,63,62,56,前金,12
68,3,2025-12-27,52,31,,58,68,54,左營,12
64,3,2025-12-27,51,31,,60,64,53,楠梓,6
68,3,2025-12-27,50,32,,61,68,52,林園,19
65,3,2025-12-27,45,31,,54,65,51,大寮,19
64,5,2025-12-27,53,,,55,64,50,鳳山,12
64,3,2025-12-27,54,31,,59,64,49,仁武,19
76,5,2025-12-27,52,33,,60,76,48,橋頭,12
52,3,2025-12-27,26,33,,42,52,47,美濃,6
73,5,2025-12-27,57,32,,59,73,46,臺南,19
71,5,2025-12-27,51,33,,55,71,45,安南,12
74,3,2025-12-27,52,31,,59,74,44,善化,31
63,3,2025-12-27,52,30,,47,63,43,新營,6
66,5,2025-12-27,52,26,,50,66,42,嘉義,31
40,6,2025-12-27,38,,,38,40,41,臺西,6
55,3,2025-12-27,33,32,,42,55,40,朴子,12
56,3,2025-12-27,36,30,,40,56,39,新港,12
49,5,2025-12-27,33,25,,32,49,38,崙背,6
70,3,2025-12-27,55,29,,54,70,37,斗六,6
61,3,2025-12-27,50,21,,42,61,36,南投,6
40,5,2025-12-27,33,31,,40,32,35,二林,6
29,3,2025-12-27,29,,,17,23,34,線西,19
43,3,2025-12-27,43,25,,23,35,33,彰化,6
51,3,2025-12-27,51,26,,23,38,32,西屯,6
51,5,2025-12-27,51,23,,25,36,31,忠明,6
52,5,2025-12-27,52,22,,30,33,30,大里,6
33,2,2025-12-27,33,30,,18,23,29,沙鹿,6
37,3,2025-12-27,36,25,,23,37,28,豐原,19
31,2,2025-12-27,31,25,,8,17,27,三義,6
31,1,2025-12-27,31,25,,10,21,26,苗栗,6
33,2,2025-12-27,33,,,17,19,25,頭份,12
33,2,2025-12-27,33,28,,12,16,24,新竹,6
33,2,2025-12-27,33,30,,10,9,23,竹東,6
31,1,2025-12-27,26,31,,18,10,22,湖口,6
36,2,2025-12-27,36,29,,13,10,21,龍潭,6
52,3,2025-12-27,52,29,,17,31,20,平鎮,6
33,1,2025-12-27,33,33,,17,15,19,觀音,6
54,1,2025-12-27,54,30,,13,17,18,大園,12
43,3,2025-12-27,43,30,,10,14,17,桃園,12
59,8,2025-12-27,59,,,15,28,16,大同,12
54,1,2025-12-27,54,27,,18,19,15,松山,6
45,2,2025-12-27,45,30,,13,13,14,古亭,6
55,3,2025-12-27,55,27,,12,22,13,萬華,12
53,3,2025-12-27,53,28,,22,18,12,中山,12
55,2,2025-12-27,55,27,,13,15,11,士林,6
38,2,2025-12-27,38,29,,10,17,10,淡水,6
36,2,2025-12-27,36,29,,10,15,9,林口,6
54,3,2025-12-27,54,29,,10,14,8,菜寮,12
52,2,2025-12-27,52,31,,18,18,7,新莊,6
52,3,2025-12-27,52,28,,12,22,6,板橋,12
48,3,2025-12-27,48,28,,12,9,5,土城,6
45,2,2025-12-27,45,28,,10,14,4,新店,6
45,1,2025-12-27,45,30,,12,20,2,汐止,12
40,2,2025-12-27,40,35,,15,17,1,基隆,6
61,6,2025-12-26,52,,,61,58,140,林森,12
53,3,2025-12-26,53,30,,38,49,139,員林,6
56,3,2025-12-26,50,30,,53,56,85,大城,12
63,1,2025-12-26,5,44,,60,63,84,富貴角,0
57,5,2025-12-26,45,,,57,45,83,麥寮,19
29,2,2025-12-26,17,29,,15,18,80,關山,6
55,1,2025-12-26,5,38,,55,51,78,馬公,0
81,3,2025-12-26,26,40,,60,81,77,金門,6
77,2,2025-12-26,14,43,,64,77,75,馬祖,6
56,3,2025-12-26,26,18,,40,56,72,埔里,6
64,6,2025-12-26,52,,,57,64,71,復興,6
57,3,2025-12-26,57,,,32,39,70,永和,6
59,3,2025-12-26,43,24,,57,59,69,竹山,6
55,7,2025-12-26,55,,,35,46,68,中壢,6
59,9,2025-12-26,59,,,43,43,67,三重,6
34,1,2025-12-26,26,32,,18,34,66,冬山,6
29,1,2025-12-26,14,29,,12,29,65,宜蘭,6
38,1,2025-12-26,5,38,,22,16,64,陽明,6
40,3,2025-12-26,40,28,,15,12,63,花蓮,6
29,2,2025-12-26,19,29,,20,15,62,臺東,12
37,1,2025-12-26,5,37,,8,10,61,恆春,6
69,6,2025-12-26,45,25,,55,69,60,潮州,44
68,3,2025-12-26,50,25,,55,68,59,屏東,12
67,5,2025-12-26,59,26,,61,67,58,小港,12
61,5,2025-12-26,53,,,61,60,57,前鎮,12
58,3,2025-12-26,48,34,,58,58,56,前金,12
61,3,2025-12-26,51,31,,54,61,54,左營,6
66,3,2025-12-26,51,26,,64,66,53,楠梓,12
75,5,2025-12-26,59,24,,70,75,52,林園,38
72,5,2025-12-26,62,21,,63,72,51,大寮,12
66,7,2025-12-26,62,,,60,66,50,鳳山,12
68,5,2025-12-26,56,21,,63,68,49,仁武,12
71,3,2025-12-26,52,28,,63,71,48,橋頭,12
53,3,2025-12-26,31,23,,50,53,47,美濃,12
60,3,2025-12-26,51,29,,58,60,46,臺南,12
59,3,2025-12-26,38,30,,59,59,45,安南,6
64,2,2025-12-26,43,29,,55,64,44,善化,19
62,3,2025-12-26,52,27,,58,62,43,新營,6
61,5,2025-12-26,52,25,,59,61,42,嘉義,44
59,3,2025-12-26,48,,,59,45,41,臺西,12
54,3,2025-12-26,38,29,,54,49,40,朴子,6
54,3,2025-12-26,43,27,,52,54,39,新港,12
60,5,2025-12-26,43,30,,47,60,38,崙背,12
64,3,2025-12-26,55,28,,58,64,37,斗六,19
56,3,2025-12-26,53,27,,48,56,36,南投,6
54,2,2025-12-26,29,31,,54,33,35,二林,6
30,1,2025-12-26,21,,,30,25,34,線西,6
52,3,2025-12-26,52,30,,35,37,33,彰化,0
45,2,2025-12-26,45,31,,32,38,32,西屯,6
54,3,2025-12-26,54,30,,35,44,31,忠明,6
54,6,2025-12-26,54,29,,40,29,30,大里,6
32,2,2025-12-26,26,31,,32,31,29,沙鹿,6
38,2,2025-12-26,36,31,,27,38,28,豐原,6
33,1,2025-12-26,10,33,,17,22,27,三義,6
31,2,2025-12-26,24,31,,22,28,26,苗栗,12
33,2,2025-12-26,33,,,32,31,25,頭份,12
36,2,2025-12-26,36,29,,32,34,24,新竹,6
34,1,2025-12-26,19,34,,20,24,23,竹東,6
38,2,2025-12-26,38,32,,37,27,22,湖口,6
31,1,2025-12-26,26,31,,25,24,21,龍潭,6
45,3,2025-12-26,45,28,,32,42,20,平鎮,0
40,1,2025-12-26,33,32,,40,34,19,觀音,6
54,1,2025-12-26,54,29,,28,35,18,大園,19
48,3,2025-12-26,48,27,,30,33,17,桃園,12
61,9,2025-12-26,61,,,32,42,16,大同,12
55,2,2025-12-26,55,30,,38,41,15,松山,6
51,2,2025-12-26,51,30,,33,30,14,古亭,6
53,2,2025-12-26,53,30,,32,33,13,萬華,6
54,3,2025-12-26,54,30,,40,42,12,中山,0
43,2,2025-12-26,43,33,,32,30,11,士林,12
38,2,2025-12-26,33,31,,37,38,10,淡水,6
52,2,2025-12-26,52,31,,32,35,9,林口,12
45,2,2025-12-26,45,31,,30,28,8,菜寮,6
45,2,2025-12-26,45,32,,40,38,7,新莊,6
52,3,2025-12-26,52,29,,32,40,6,板橋,6
52,3,2025-12-26,52,30,,32,23,5,土城,6
43,2,2025-12-26,43,31,,28,31,4,新店,6
52,2,2025-12-26,52,30,,32,38,2,汐止,12
37,1,2025-12-26,21,34,,37,35,1,基隆,6
88,6,2025-12-25,43,,,88,70,140,林森,12
53,3,2025-12-25,45,26,,48,53,139,員林,12
58,2,2025-12-25,19,34,,57,58,85,大城,6
72,2,2025-12-25,12,42,,72,67,84,富貴角,0
79,3,2025-12-25,17,,,79,55,83,麥寮,12
31,2,2025-12-25,14,31,,22,29,80,關山,6
50,3,2025-12-25,12,36,,50,49,78,馬公,0
64,5,2025-12-25,33,21,,42,64,77,金門,6
57,5,2025-12-25,31,33,,43,57,75,馬祖,6
63,3,2025-12-25,26,35,,47,63,72,埔里,12
86,6,2025-12-25,50,,,80,86,71,復興,12
55,7,2025-12-25,55,,,28,41,70,永和,6
61,3,2025-12-25,38,24,,55,61,69,竹山,6
52,5,2025-12-25,50,,,37,52,68,中壢,6
56,8,2025-12-25,56,,,37,40,67,三重,6
38,2,2025-12-25,29,38,,17,31,66,冬山,6
37,3,2025-12-25,17,37,,12,32,65,宜蘭,0
36,3,2025-12-25,10,36,,13,10,64,陽明,6
31,3,2025-12-25,19,31,,22,15,63,花蓮,6
33,2,2025-12-25,14,33,,32,26,62,臺東,19
38,2,2025-12-25,5,38,,18,29,61,恆春,0
84,3,2025-12-25,29,40,,77,84,60,潮州,19
81,3,2025-12-25,33,33,,73,81,59,屏東,6
84,5,2025-12-25,51,34,,81,84,58,小港,12
86,6,2025-12-25,48,,,86,86,57,前鎮,12
90,5,2025-12-25,43,31,,90,75,56,前金,12
81,5,2025-12-25,43,29,,81,81,54,左營,12
86,5,2025-12-25,38,29,,86,81,53,楠梓,6
89,5,2025-12-25,40,37,,87,89,52,林園,19
87,3,2025-12-25,36,31,,81,87,51,大寮,12
84,6,2025-12-25,51,,,79,84,50,鳳山,12
84,5,2025-12-25,53,28,,84,84,49,仁武,12
84,5,2025-12-25,45,29,,84,82,48,橋頭,12
68,3,2025-12-25,24,29,,62,68,47,美濃,6
89,3,2025-12-25,40,30,,89,65,46,臺南,12
90,5,2025-12-25,26,31,,90,66,45,安南,6
71,3,2025-12-25,38,27,,71,67,44,善化,12
71,3,2025-12-25,40,26,,71,61,43,新營,6
69,5,2025-12-25,45,24,,69,63,42,嘉義,12
77,3,2025-12-25,14,,,77,46,41,臺西,6
76,3,2025-12-25,24,29,,76,55,40,朴子,6
70,5,2025-12-25,36,26,,70,61,39,新港,12
87,5,2025-12-25,38,27,,87,69,38,崙背,6
74,3,2025-12-25,52,27,,74,65,37,斗六,6
50,3,2025-12-25,43,23,,50,49,36,南投,6
78,3,2025-12-25,36,31,,78,49,35,二林,6
48,3,2025-12-25,43,,,48,42,34,線西,12
55,3,2025-12-25,48,27,,55,46,33,彰化,6
55,3,2025-12-25,55,28,,40,47,32,西屯,6
57,3,2025-12-25,57,24,,38,43,31,忠明,6
55,5,2025-12-25,55,25,,43,38,30,大里,6
42,3,2025-12-25,38,30,,42,41,29,沙鹿,0
36,3,2025-12-25,31,27,,22,36,28,豐原,6
48,3,2025-12-25,48,30,,17,28,27,三義,12
42,3,2025-12-25,26,29,,27,42,26,苗栗,12
39,3,2025-12-25,38,,,37,39,25,頭份,12
38,3,2025-12-25,26,29,,35,38,24,新竹,12
31,3,2025-12-25,19,31,,22,30,23,竹東,6
37,3,2025-12-25,21,31,,37,31,22,湖口,12
30,3,2025-12-25,24,28,,27,30,21,龍潭,0
43,3,2025-12-25,36,27,,35,43,20,平鎮,6
40,3,2025-12-25,17,33,,35,40,19,觀音,6
51,3,2025-12-25,51,30,,12,47,18,大園,12
34,3,2025-12-25,24,30,,27,34,17,桃園,6
52,7,2025-12-25,52,,,23,40,16,大同,6
36,3,2025-12-25,31,30,,32,36,15,松山,6
38,3,2025-12-25,38,28,,30,31,14,古亭,6
43,5,2025-12-25,43,25,,25,33,13,萬華,6
38,3,2025-12-25,38,27,,28,30,12,中山,0
48,3,2025-12-25,48,32,,25,29,11,士林,6
38,3,2025-12-25,19,32,,30,38,10,淡水,6
38,3,2025-12-25,21,32,,27,38,9,林口,6
31,3,2025-12-25,29,29,,25,31,8,菜寮,0
40,3,2025-12-25,24,30,,32,40,7,新莊,0
43,5,2025-12-25,40,28,,28,43,6,板橋,6
36,3,2025-12-25,36,28,,28,32,5,土城,6
35,3,2025-12-25,29,30,,28,35,4,新店,6
36,3,2025-12-25,19,31,,28,36,2,汐止,12
42,3,2025-12-25,17,36,,38,42,1,基隆,6
122,7,2025-12-24,54,,,99,122,140,林森,12
78,5,2025-12-24,45,44,,62,78,139,員林,12
64,2,2025-12-24,19,49,,63,64,85,大城,6
67,1,2025-12-24,12,67,,59,54,84,富貴角,0
69,2,2025-12-24,40,,,69,61,83,麥寮,6
31,1,2025-12-24,17,31,,18,19,80,關山,6
55,2,2025-12-24,10,51,,53,55,78,馬公,0
92,5,2025-12-24,59,43,,73,92,77,金門,19
93,5,2025-12-24,43,30,,78,93,75,馬祖,6
68,3,2025-12-24,40,44,,54,68,72,埔里,6
125,9,2025-12-24,59,,,93,125,71,復興,12
52,5,2025-12-24,43,,,50,52,70,永和,12
87,3,2025-12-24,45,49,,69,87,69,竹山,25
64,8,2025-12-24,56,,,54,64,68,中壢,6
64,10,2025-12-24,64,,,55,56,67,三重,12
38,3,2025-12-24,38,31,,32,36,66,冬山,0
38,2,2025-12-24,24,34,,23,38,65,宜蘭,0
48,2,2025-12-24,5,48,,23,15,64,陽明,6
36,2,2025-12-24,21,36,,22,24,63,花蓮,6
39,2,2025-12-24,17,39,,28,27,62,臺東,6
38,1,2025-12-24,2,38,,,,61,恆春,6
129,5,2025-12-24,36,129,110,86,107,60,潮州,31
115,5,2025-12-24,45,115,,83,103,59,屏東,6
112,6,2025-12-24,63,90,,97,112,58,小港,19
117,7,2025-12-24,57,,,102,117,57,前鎮,25
106,6,2025-12-24,57,101,,102,106,56,前金,6
111,7,2025-12-24,59,97,,92,111,54,左營,19
104,3,2025-12-24,50,93,,93,104,53,楠梓,6
112,5,2025-12-24,45,112,,94,103,52,林園,25
108,6,2025-12-24,55,77,,89,108,51,大寮,44
105,8,2025-12-24,59,,,86,105,50,鳳山,12
114,6,2025-12-24,60,93,,93,114,49,仁武,25
110,5,2025-12-24,48,80,,93,110,48,橋頭,6
90,3,2025-12-24,33,90,,63,75,47,美濃,6
110,5,2025-12-24,54,50,,96,110,46,臺南,12
115,5,2025-12-24,48,49,,91,115,45,安南,12
102,3,2025-12-24,29,48,,96,102,44,善化,25
96,3,2025-12-24,33,45,,87,96,43,新營,12
104,3,2025-12-24,36,45,,87,104,42,嘉義,19
67,2,2025-12-24,29,,,67,60,41,臺西,12
76,3,2025-12-24,31,44,,69,76,40,朴子,6
88,3,2025-12-24,29,42,,77,88,39,新港,12
80,2,2025-12-24,24,44,,73,80,38,崙背,12
98,3,2025-12-24,40,47,,82,98,37,斗六,19
75,3,2025-12-24,51,48,,67,75,36,南投,6
76,3,2025-12-24,31,44,,76,66,35,二林,12
62,3,2025-12-24,40,,,62,58,34,線西,25
66,3,2025-12-24,52,38,,61,66,33,彰化,6
64,3,2025-12-24,52,38,,55,64,32,西屯,6
59,5,2025-12-24,57,34,,53,59,31,忠明,6
69,6,2025-12-24,55,41,,69,69,30,大里,12
57,2,2025-12-24,40,42,,57,56,29,沙鹿,6
57,3,2025-12-24,48,40,,48,57,28,豐原,19
41,2,2025-12-24,26,39,,40,41,27,三義,0
54,2,2025-12-24,48,37,,45,54,26,苗栗,25
57,3,2025-12-24,48,,,57,55,25,頭份,12
52,3,2025-12-24,52,37,,51,52,24,新竹,12
40,2,2025-12-24,33,36,,35,40,23,竹東,19
55,3,2025-12-24,52,39,,55,48,22,湖口,12
47,2,2025-12-24,45,37,,47,47,21,龍潭,6
62,5,2025-12-24,59,35,,54,62,20,平鎮,12
54,2,2025-12-24,54,46,,48,50,19,觀音,6
56,3,2025-12-24,56,38,,48,48,18,大園,12
52,3,2025-12-24,52,39,,45,50,17,桃園,19
56,7,2025-12-24,56,,,42,55,16,大同,19
55,3,2025-12-24,55,36,,52,53,15,松山,31
50,3,2025-12-24,38,40,,50,43,14,古亭,19
53,3,2025-12-24,48,37,,42,53,13,萬華,19
53,5,2025-12-24,52,35,,50,53,12,中山,19
55,5,2025-12-24,55,44,,47,52,11,士林,6
51,3,2025-12-24,50,39,,51,47,10,淡水,6
51,2,2025-12-24,50,41,,45,51,9,林口,12
54,5,2025-12-24,54,42,,45,48,8,菜寮,19
55,3,2025-12-24,45,43,,55,51,7,新莊,12
54,3,2025-12-24,53,38,,47,54,6,板橋,19
50,3,2025-12-24,38,40,,48,50,5,土城,12
46,3,2025-12-24,31,41,,40,46,4,新店,6
54,3,2025-12-24,52,43,,45,54,2,汐止,25
48,3,2025-12-24,40,46,,43,48,1,基隆,6
83,8,2025-12-23,62,,,83,83,140,林森,19
70,5,2025-12-23,50,41,,61,70,139,員林,12
59,2,2025-12-23,33,44,,59,57,85,大城,6
55,1,2025-12-23,7,44,,55,42,84,富貴角,0
62,2,2025-12-23,38,,,62,48,83,麥寮,6
33,2,2025-12-23,17,33,,15,22,80,關山,0
55,1,2025-12-23,10,44,,55,52,78,馬公,0
52,3,2025-12-23,40,46,,51,52,77,金門,12
42,2,2025-12-23,17,40,,42,40,75,馬祖,6
69,5,2025-12-23,43,48,,51,69,72,埔里,6
89,8,2025-12-23,59,,,79,89,71,復興,12
55,7,2025-12-23,55,,,32,32,70,永和,6
86,3,2025-12-23,40,61,,72,86,69,竹山,12
57,9,2025-12-23,57,,,47,47,68,中壢,12
64,11,2025-12-23,64,,,52,39,67,三重,19
40,3,2025-12-23,40,19,,35,36,66,冬山,0
36,3,2025-12-23,36,34,,22,29,65,宜蘭,6
37,1,2025-12-23,2,37,,20,12,64,陽明,19
38,3,2025-12-23,38,35,,27,31,63,花蓮,31
36,3,2025-12-23,36,36,,25,24,62,臺東,12
43,1,2025-12-23,2,43,,18,19,61,恆春,6
100,5,2025-12-23,50,100,,79,89,60,潮州,38
99,5,2025-12-23,55,90,,90,99,59,屏東,12
89,6,2025-12-23,60,47,,89,89,58,小港,19
86,7,2025-12-23,56,,,86,81,57,前鎮,12
84,5,2025-12-23,55,64,,84,78,56,前金,12
81,6,2025-12-23,54,54,,81,81,54,左營,12
92,5,2025-12-23,53,61,,92,87,53,楠梓,12
92,5,2025-12-23,52,90,,92,89,52,林園,25
97,5,2025-12-23,60,71,,91,97,51,大寮,38
87,8,2025-12-23,60,,,86,87,50,鳳山,25
92,6,2025-12-23,67,49,,87,92,49,仁武,25
92,5,2025-12-23,52,51,,83,92,48,橋頭,12
77,3,2025-12-23,29,77,,67,72,47,美濃,6
78,6,2025-12-23,59,50,,78,77,46,臺南,19
84,5,2025-12-23,52,50,,79,84,45,安南,19
85,5,2025-12-23,51,51,,82,85,44,善化,19
85,5,2025-12-23,52,48,,79,85,43,新營,19
93,5,2025-12-23,50,46,,83,93,42,嘉義,53
55,2,2025-12-23,29,,,55,47,41,臺西,6
64,3,2025-12-23,33,44,,64,64,40,朴子,12
78,3,2025-12-23,40,42,,69,78,39,新港,19
71,3,2025-12-23,31,39,,67,71,38,崙背,12
92,3,2025-12-23,45,54,,86,92,37,斗六,12
72,5,2025-12-23,52,49,,65,72,36,南投,6
70,3,2025-12-23,33,38,,70,57,35,二林,19
58,3,2025-12-23,48,,,58,50,34,線西,31
57,5,2025-12-23,52,35,,57,57,33,彰化,6
