county,forecast_time,predicted_aqi
南投縣,2026-10-02 08:00:00,43.97
南投縣,2026-10-02 09:00:00,43.92
南投縣,2026-10-02 10:00:00,43.99
南投縣,2026-10-02 11:00:00,43.96
南投縣,2026-10-02 12:00:00,43.99
南投縣,2026-10-02 13:00:00,44.78
南投縣,2026-10-02 14:00:00,45.92
南投縣,2026-10-02 15:00:00,47.67
南投縣,2026-10-02 16:00:00,49.09
南投縣,2026-10-02 17:00:00,49.34
南投縣,2026-10-02 18:00:00,50.51
南投縣,2026-10-02 19:00:00,51.23
南投縣,2026-10-02 20:00:00,51.38
南投縣,2026-10-02 21:00:00,52.06
南投縣,2026-10-02 22:00:00,52.08
南投縣,2026-10-02 23:00:00,51.97
南投縣,2026-10-03 00:00:00,51.81
南投縣,2026-10-03 01:00:00,51.66
南投縣,2026-10-03 02:00:00,51.56
南投縣,2026-10-03 03:00:00,51.13
南投縣,2026-10-03 04:00:00,51.03
南投縣,2026-10-03 05:00:00,51.14
南投縣,2026-10-03 06:00:00,51.09
南投縣,2026-10-03 07:00:00,51.47
嘉義市,2026-10-02 08:00:00,41.96
嘉義市,2026-10-02 09:00:00,41.91
嘉義市,2026-10-02 10:00:00,41.85
嘉義市,2026-10-02 11:00:00,41.82
嘉義市,2026-10-02 12:00:00,41.9
嘉義市,2026-10-02 13:00:00,42.46
嘉義市,2026-10-02 14:00:00,43.47
嘉義市,2026-10-02 15:00:00,45.09
嘉義市,2026-10-02 16:00:00,47.11
嘉義市,2026-10-02 17:00:00,48.65
嘉義市,2026-10-02 18:00:00,48.85
嘉義市,2026-10-02 19:00:00,48.61
嘉義市,2026-10-02 20:00:00,48.36
嘉義市,2026-10-02 21:00:00,48.2
嘉義市,2026-10-02 22:00:00,47.57
嘉義市,2026-10-02 23:00:00,46.98
嘉義市,2026-10-03 00:00:00,46.57
嘉義市,2026-10-03 01:00:00,46.92
嘉義市,2026-10-03 02:00:00,46.58
嘉義市,2026-10-03 03:00:00,46.98
嘉義市,2026-10-03 04:00:00,46.64
嘉義市,2026-10-03 05:00:00,46.7
嘉義市,2026-10-03 06:00:00,46.81
嘉義市,2026-10-03 07:00:00,46.76
嘉義縣,2026-10-02 08:00:00,54.02
嘉義縣,2026-10-02 09:00:00,54.06
嘉義縣,2026-10-02 10:00:00,54.17
嘉義縣,2026-10-02 11:00:00,54.19
嘉義縣,2026-10-02 12:00:00,54.13
嘉義縣,2026-10-02 13:00:00,54.21
嘉義縣,2026-10-02 14:00:00,54.36
嘉義縣,2026-10-02 15:00:00,54.31
嘉義縣,2026-10-02 16:00:00,54.34
嘉義縣,2026-10-02 17:00:00,54.36
嘉義縣,2026-10-02 18:00:00,54.34
嘉義縣,2026-10-02 19:00:00,54.31
嘉義縣,2026-10-02 20:00:00,54.27
嘉義縣,2026-10-02 21:00:00,54.36
嘉義縣,2026-10-02 22:00:00,54.32
嘉義縣,2026-10-02 23:00:00,54.63
嘉義縣,2026-10-03 00:00:00,54.35
嘉義縣,2026-10-03 01:00:00,53.05
嘉義縣,2026-10-03 02:00:00,51.65
嘉義縣,2026-10-03 03:00:00,51.36
嘉義縣,2026-10-03 04:00:00,50.98
嘉義縣,2026-10-03 05:00:00,50.63
嘉義縣,2026-10-03 06:00:00,50.57
嘉義縣,2026-10-03 07:00:00,50.44
基隆市,2026-10-02 08:00:00,36.95
基隆市,2026-10-02 09:00:00,36.97
基隆市,2026-10-02 10:00:00,36.88
基隆市,2026-10-02 11:00:00,36.4
基隆市,2026-10-02 12:00:00,36.38
基隆市,2026-10-02 13:00:00,37.16
基隆市,2026-10-02 14:00:00,39.56
基隆市,2026-10-02 15:00:00,41.14
基隆市,2026-10-02 16:00:00,42.68
基隆市,2026-10-02 17:00:00,44.02
基隆市,2026-10-02 18:00:00,45.87
基隆市,2026-10-02 19:00:00,46.1
基隆市,2026-10-02 20:00:00,46.18
基隆市,2026-10-02 21:00:00,45.72
基隆市,2026-10-02 22:00:00,44.71
基隆市,2026-10-02 23:00:00,43.72
基隆市,2026-10-03 00:00:00,43.43
基隆市,2026-10-03 01:00:00,42.95
基隆市,2026-10-03 02:00:00,42.81
基隆市,2026-10-03 03:00:00,42.23
基隆市,2026-10-03 04:00:00,42.24
基隆市,2026-10-03 05:00:00,42.22
基隆市,2026-10-03 06:00:00,42.27
基隆市,2026-10-03 07:00:00,42.63
宜蘭縣,2026-10-02 08:00:00,47.97
宜蘭縣,2026-10-02 09:00:00,48.13
宜蘭縣,2026-10-02 10:00:00,48.23
宜蘭縣,2026-10-02 11:00:00,48.26
宜蘭縣,2026-10-02 12:00:00,48.45
宜蘭縣,2026-10-02 13:00:00,48.54
宜蘭縣,2026-10-02 14:00:00,49.08
宜蘭縣,2026-10-02 15:00:00,49.22
宜蘭縣,2026-10-02 16:00:00,49.64
宜蘭縣,2026-10-02 17:00:00,50.6
宜蘭縣,2026-10-02 18:00:00,51.15
宜蘭縣,2026-10-02 19:00:00,51.53
宜蘭縣,2026-10-02 20:00:00,51.58
宜蘭縣,2026-10-02 21:00:00,52.62
宜蘭縣,2026-10-02 22:00:00,52.06
宜蘭縣,2026-10-02 23:00:00,52.03
宜蘭縣,2026-10-03 00:00:00,51.77
宜蘭縣,2026-10-03 01:00:00,51.61
宜蘭縣,2026-10-03 02:00:00,51.85
宜蘭縣,2026-10-03 03:00:00,51.58
宜蘭縣,2026-10-03 04:00:00,51.22
宜蘭縣,2026-10-03 05:00:00,51.03
宜蘭縣,2026-10-03 06:00:00,51.18
宜蘭縣,2026-10-03 07:00:00,51.35
屏東縣,2026-10-02 08:00:00,34.22
屏東縣,2026-10-02 09:00:00,34.24
屏東縣,2026-10-02 10:00:00,34.24
屏東縣,2026-10-02 11:00:00,34.22
屏東縣,2026-10-02 12:00:00,34.22
屏東縣,2026-10-02 13:00:00,35.05
屏東縣,2026-10-02 14:00:00,36.12
屏東縣,2026-10-02 15:00:00,37.48
屏東縣,2026-10-02 16:00:00,38.56
屏東縣,2026-10-02 17:00:00,40.52
屏東縣,2026-10-02 18:00:00,41.51
屏東縣,2026-10-02 19:00:00,42.39
屏東縣,2026-10-02 20:00:00,42.29
屏東縣,2026-10-02 21:00:00,42.17
屏東縣,2026-10-02 22:00:00,42.12
屏東縣,2026-10-02 23:00:00,41.66
屏東縣,2026-10-03 00:00:00,41.1
屏東縣,2026-10-03 01:00:00,40.5
屏東縣,2026-10-03 02:00:00,40.01
屏東縣,2026-10-03 03:00:00,40.09
屏東縣,2026-10-03 04:00:00,40.09
屏東縣,2026-10-03 05:00:00,40.06
屏東縣,2026-10-03 06:00:00,40.29
屏東縣,2026-10-03 07:00:00,40.41
彰化縣,2026-10-02 08:00:00,67.16
彰化縣,2026-10-02 09:00:00,67.73
彰化縣,2026-10-02 10:00:00,68.92
彰化縣,2026-10-02 11:00:00,69.13
彰化縣,2026-10-02 12:00:00,69.06
彰化縣,2026-10-02 13:00:00,69.05
彰化縣,2026-10-02 14:00:00,69.32
彰化縣,2026-10-02 15:00:00,68.94
彰化縣,2026-10-02 16:00:00,69.43
彰化縣,2026-10-02 17:00:00,69.62
彰化縣,2026-10-02 18:00:00,69.37
彰化縣,2026-10-02 19:00:00,67.72
彰化縣,2026-10-02 20:00:00,67.69
彰化縣,2026-10-02 21:00:00,67.35
彰化縣,2026-10-02 22:00:00,67.95
彰化縣,2026-10-02 23:00:00,68.24
彰化縣,2026-10-03 00:00:00,67.73
彰化縣,2026-10-03 01:00:00,68.4
彰化縣,2026-10-03 02:00:00,68.43
彰化縣,2026-10-03 03:00:00,68.14
彰化縣,2026-10-03 04:00:00,68.3
彰化縣,2026-10-03 05:00:00,68.66
彰化縣,2026-10-03 06:00:00,68.99
彰化縣,2026-10-03 07:00:00,69.26
新北市,2026-10-02 08:00:00,51.21
新北市,2026-10-02 09:00:00,51.31
新北市,2026-10-02 10:00:00,51.46
新北市,2026-10-02 11:00:00,51.59
新北市,2026-10-02 12:00:00,52.27
新北市,2026-10-02 13:00:00,52.3
新北市,2026-10-02 14:00:00,52.52
新北市,2026-10-02 15:00:00,52.58
新北市,2026-10-02 16:00:00,52.64
新北市,2026-10-02 17:00:00,52.53
新北市,2026-10-02 18:00:00,52.5
新北市,2026-10-02 19:00:00,52.32
新北市,2026-10-02 20:00:00,52.33
新北市,2026-10-02 21:00:00,52.27
新北市,2026-10-02 22:00:00,51.93
新北市,2026-10-02 23:00:00,52.06
新北市,2026-10-03 00:00:00,51.84
新北市,2026-10-03 01:00:00,51.69
新北市,2026-10-03 02:00:00,51.65
新北市,2026-10-03 03:00:00,51.62
新北市,2026-10-03 04:00:00,51.99
新北市,2026-10-03 05:00:00,51.65
新北市,2026-10-03 06:00:00,51.76
新北市,2026-10-03 07:00:00,51.85
新竹市,2026-10-02 08:00:00,68.08
新竹市,2026-10-02 09:00:00,68.0
新竹市,2026-10-02 10:00:00,67.92
新竹市,2026-10-02 11:00:00,67.95
新竹市,2026-10-02 12:00:00,67.94
新竹市,2026-10-02 13:00:00,67.92
新竹市,2026-10-02 14:00:00,68.25
新竹市,2026-10-02 15:00:00,68.31
新竹市,2026-10-02 16:00:00,68.4
新竹市,2026-10-02 17:00:00,68.49
新竹市,2026-10-02 18:00:00,68.41
新竹市,2026-10-02 19:00:00,68.09
新竹市,2026-10-02 20:00:00,67.29
新竹市,2026-10-02 21:00:00,66.33
新竹市,2026-10-02 22:00:00,65.33
新竹市,2026-10-02 23:00:00,64.76
新竹市,2026-10-03 00:00:00,64.87
新竹市,2026-10-03 01:00:00,65.08
新竹市,2026-10-03 02:00:00,65.44
新竹市,2026-10-03 03:00:00,65.49
新竹市,2026-10-03 04:00:00,65.65
新竹市,2026-10-03 05:00:00,65.61
新竹市,2026-10-03 06:00:00,65.64
新竹市,2026-10-03 07:00:00,65.74
新竹縣,2026-10-02 08:00:00,67.63
新竹縣,2026-10-02 09:00:00,68.46
新竹縣,2026-10-02 10:00:00,68.66
新竹縣,2026-10-02 11:00:00,68.62
新竹縣,2026-10-02 12:00:00,68.58
新竹縣,2026-10-02 13:00:00,68.56
新竹縣,2026-10-02 14:00:00,68.68
新竹縣,2026-10-02 15:00:00,68.81
新竹縣,2026-10-02 16:00:00,69.31
新竹縣,2026-10-02 17:00:00,68.9
新竹縣,2026-10-02 18:00:00,69.08
新竹縣,2026-10-02 19:00:00,68.32
新竹縣,2026-10-02 20:00:00,67.47
新竹縣,2026-10-02 21:00:00,67.53
新竹縣,2026-10-02 22:00:00,67.7
新竹縣,2026-10-02 23:00:00,67.88
新竹縣,2026-10-03 00:00:00,68.25
新竹縣,2026-10-03 01:00:00,68.23
新竹縣,2026-10-03 02:00:00,68.28
新竹縣,2026-10-03 03:00:00,68.39
新竹縣,2026-10-03 04:00:00,68.5
新竹縣,2026-10-03 05:00:00,68.85
新竹縣,2026-10-03 06:00:00,69.34
新竹縣,2026-10-03 07:00:00,68.92
桃園市,2026-10-02 08:00:00,52.44
桃園市,2026-10-02 09:00:00,52.44
桃園市,2026-10-02 10:00:00,52.5
桃園市,2026-10-02 11:00:00,52.51
桃園市,2026-10-02 12:00:00,52.57
桃園市,2026-10-02 13:00:00,52.55
桃園市,2026-10-02 14:00:00,53.01
桃園市,2026-10-02 15:00:00,52.86
桃園市,2026-10-02 16:00:00,52.88
桃園市,2026-10-02 17:00:00,52.71
桃園市,2026-10-02 18:00:00,52.64
桃園市,2026-10-02 19:00:00,52.45
桃園市,2026-10-02 20:00:00,52.39
桃園市,2026-10-02 21:00:00,52.29
桃園市,2026-10-02 22:00:00,51.97
桃園市,2026-10-02 23:00:00,51.99
桃園市,2026-10-03 00:00:00,51.21
桃園市,2026-10-03 01:00:00,49.94
桃園市,2026-10-03 02:00:00,48.26
桃園市,2026-10-03 03:00:00,48.57
桃園市,2026-10-03 04:00:00,48.03
桃園市,2026-10-03 05:00:00,47.72
桃園市,2026-10-03 06:00:00,47.53
桃園市,2026-10-03 07:00:00,47.22
澎湖縣,2026-10-02 08:00:00,35.61
澎湖縣,2026-10-02 09:00:00,35.34
澎湖縣,2026-10-02 10:00:00,35.43
澎湖縣,2026-10-02 11:00:00,35.43
澎湖縣,2026-10-02 12:00:00,35.83
澎湖縣,2026-10-02 13:00:00,36.03
澎湖縣,2026-10-02 14:00:00,37.42
澎湖縣,2026-10-02 15:00:00,38.66
澎湖縣,2026-10-02 16:00:00,40.53
澎湖縣,2026-10-02 17:00:00,42.16
澎湖縣,2026-10-02 18:00:00,43.34
澎湖縣,2026-10-02 19:00:00,44.39
澎湖縣,2026-10-02 20:00:00,44.76
澎湖縣,2026-10-02 21:00:00,44.25
澎湖縣,2026-10-02 22:00:00,43.36
澎湖縣,2026-10-02 23:00:00,42.81
澎湖縣,2026-10-03 00:00:00,41.77
澎湖縣,2026-10-03 01:00:00,41.29
澎湖縣,2026-10-03 02:00:00,40.9
澎湖縣,2026-10-03 03:00:00,41.12
澎湖縣,2026-10-03 04:00:00,40.95
澎湖縣,2026-10-03 05:00:00,40.82
澎湖縣,2026-10-03 06:00:00,41.37
澎湖縣,2026-10-03 07:00:00,42.99
臺中市,2026-10-02 08:00:00,57.26
臺中市,2026-10-02 09:00:00,57.21
臺中市,2026-10-02 10:00:00,57.15
臺中市,2026-10-02 11:00:00,57.26
臺中市,2026-10-02 12:00:00,57.33
臺中市,2026-10-02 13:00:00,57.62
臺中市,2026-10-02 14:00:00,57.9
臺中市,2026-10-02 15:00:00,58.23
臺中市,2026-10-02 16:00:00,58.86
臺中市,2026-10-02 17:00:00,59.78
臺中市,2026-10-02 18:00:00,59.72
臺中市,2026-10-02 19:00:00,59.61
臺中市,2026-10-02 20:00:00,59.45
臺中市,2026-10-02 21:00:00,59.64
臺中市,2026-10-02 22:00:00,59.27
臺中市,2026-10-02 23:00:00,57.73
臺中市,2026-10-03 00:00:00,57.08
臺中市,2026-10-03 01:00:00,56.99
臺中市,2026-10-03 02:00:00,56.75
臺中市,2026-10-03 03:00:00,56.27
臺中市,2026-10-03 04:00:00,55.38
臺中市,2026-10-03 05:00:00,54.89
臺中市,2026-10-03 06:00:00,54.93
臺中市,2026-10-03 07:00:00,55.04
臺北市,2026-10-02 08:00:00,43.64
臺北市,2026-10-02 09:00:00,43.99
臺北市,2026-10-02 10:00:00,43.88
臺北市,2026-10-02 11:00:00,43.98
臺北市,2026-10-02 12:00:00,43.93
臺北市,2026-10-02 13:00:00,44.73
臺北市,2026-10-02 14:00:00,44.93
臺北市,2026-10-02 15:00:00,45.64
臺北市,2026-10-02 16:00:00,46.2
臺北市,2026-10-02 17:00:00,48.16
臺北市,2026-10-02 18:00:00,48.78
臺北市,2026-10-02 19:00:00,48.78
臺北市,2026-10-02 20:00:00,48.63
臺北市,2026-10-02 21:00:00,48.38
臺北市,2026-10-02 22:00:00,48.34
臺北市,2026-10-02 23:00:00,47.75
臺北市,2026-10-03 00:00:00,47.73
臺北市,2026-10-03 01:00:00,47.27
臺北市,2026-10-03 02:00:00,47.0
臺北市,2026-10-03 03:00:00,46.68
臺北市,2026-10-03 04:00:00,46.62
臺北市,2026-10-03 05:00:00,46.65
臺北市,2026-10-03 06:00:00,46.73
臺北市,2026-10-03 07:00:00,46.56
臺南市,2026-10-02 08:00:00,47.68
臺南市,2026-10-02 09:00:00,47.85
臺南市,2026-10-02 10:00:00,48.25
臺南市,2026-10-02 11:00:00,48.3
臺南市,2026-10-02 12:00:00,48.52
臺南市,2026-10-02 13:00:00,48.63
臺南市,2026-10-02 14:00:00,48.75
臺南市,2026-10-02 15:00:00,49.14
臺南市,2026-10-02 16:00:00,49.57
臺南市,2026-10-02 17:00:00,50.71
臺南市,2026-10-02 18:00:00,51.19
臺南市,2026-10-02 19:00:00,51.44
臺南市,2026-10-02 20:00:00,51.47
臺南市,2026-10-02 21:00:00,51.81
臺南市,2026-10-02 22:00:00,52.06
臺南市,2026-10-02 23:00:00,51.99
臺南市,2026-10-03 00:00:00,51.78
臺南市,2026-10-03 01:00:00,51.63
臺南市,2026-10-03 02:00:00,51.86
臺南市,2026-10-03 03:00:00,51.81
臺南市,2026-10-03 04:00:00,51.54
臺南市,2026-10-03 05:00:00,51.19
臺南市,2026-10-03 06:00:00,51.06
臺南市,2026-10-03 07:00:00,51.45
臺東縣,2026-10-02 08:00:00,35.31
臺東縣,2026-10-02 09:00:00,35.41
臺東縣,2026-10-02 10:00:00,35.39
臺東縣,2026-10-02 11:00:00,35.44
臺東縣,2026-10-02 12:00:00,35.82
臺東縣,2026-10-02 13:00:00,36.03
臺東縣,2026-10-02 14:00:00,37.7
臺東縣,2026-10-02 15:00:00,39.02
臺東縣,2026-10-02 16:00:00,40.55
臺東縣,2026-10-02 17:00:00,41.87
臺東縣,2026-10-02 18:00:00,43.04
臺東縣,2026-10-02 19:00:00,43.33
臺東縣,2026-10-02 20:00:00,43.97
臺東縣,2026-10-02 21:00:00,43.36
臺東縣,2026-10-02 22:00:00,43.15
臺東縣,2026-10-02 23:00:00,42.57
臺東縣,2026-10-03 00:00:00,41.57
臺東縣,2026-10-03 01:00:00,40.69
臺東縣,2026-10-03 02:00:00,40.18
臺東縣,2026-10-03 03:00:00,40.52
臺東縣,2026-10-03 04:00:00,39.88
臺東縣,2026-10-03 05:00:00,39.71
臺東縣,2026-10-03 06:00:00,40.16
臺東縣,2026-10-03 07:00:00,40.35
花蓮縣,2026-10-02 08:00:00,40.16
花蓮縣,2026-10-02 09:00:00,40.01
花蓮縣,2026-10-02 10:00:00,39.9
花蓮縣,2026-10-02 11:00:00,40.07
花蓮縣,2026-10-02 12:00:00,40.63
花蓮縣,2026-10-02 13:00:00,41.5
花蓮縣,2026-10-02 14:00:00,42.22
花蓮縣,2026-10-02 15:00:00,43.51
花蓮縣,2026-10-02 16:00:00,44.97
花蓮縣,2026-10-02 17:00:00,45.59
花蓮縣,2026-10-02 18:00:00,45.94
花蓮縣,2026-10-02 19:00:00,46.56
花蓮縣,2026-10-02 20:00:00,46.82
花蓮縣,2026-10-02 21:00:00,46.96
花蓮縣,2026-10-02 22:00:00,46.65
花蓮縣,2026-10-02 23:00:00,46.82
花蓮縣,2026-10-03 00:00:00,46.7
花蓮縣,2026-10-03 01:00:00,46.73
花蓮縣,2026-10-03 02:00:00,46.79
花蓮縣,2026-10-03 03:00:00,46.83
花蓮縣,2026-10-03 04:00:00,46.74
花蓮縣,2026-10-03 05:00:00,46.82
花蓮縣,2026-10-03 06:00:00,47.07
花蓮縣,2026-10-03 07:00:00,47.04
苗栗縣,2026-10-02 08:00:00,72.2
苗栗縣,2026-10-02 09:00:00,72.38
苗栗縣,2026-10-02 10:00:00,72.5
苗栗縣,2026-10-02 11:00:00,72.86
苗栗縣,2026-10-02 12:00:00,71.9
苗栗縣,2026-10-02 13:00:00,71.93
苗栗縣,2026-10-02 14:00:00,72.2
苗栗縣,2026-10-02 15:00:00,72.17
苗栗縣,2026-10-02 16:00:00,72.09
苗栗縣,2026-10-02 17:00:00,72.21
苗栗縣,2026-10-02 18:00:00,72.61
苗栗縣,2026-10-02 19:00:00,72.97
苗栗縣,2026-10-02 20:00:00,72.99
苗栗縣,2026-10-02 21:00:00,73.0
苗栗縣,2026-10-02 22:00:00,72.99
苗栗縣,2026-10-02 23:00:00,73.15
苗栗縣,2026-10-03 00:00:00,73.18
苗栗縣,2026-10-03 01:00:00,73.22
苗栗縣,2026-10-03 02:00:00,73.41
苗栗縣,2026-10-03 03:00:00,73.84
苗栗縣,2026-10-03 04:00:00,74.18
苗栗縣,2026-10-03 05:00:00,74.41
苗栗縣,2026-10-03 06:00:00,74.61
苗栗縣,2026-10-03 07:00:00,74.33
連江縣,2026-10-02 08:00:00,46.68
連江縣,2026-10-02 09:00:00,46.39
連江縣,2026-10-02 10:00:00,46.02
連江縣,2026-10-02 11:00:00,46.17
連江縣,2026-10-02 12:00:00,46.69
連江縣,2026-10-02 13:00:00,47.68
連江縣,2026-10-02 14:00:00,49.52
連江縣,2026-10-02 15:00:00,50.62
連江縣,2026-10-02 16:00:00,51.27
連江縣,2026-10-02 17:00:00,51.85
連江縣,2026-10-02 18:00:00,52.12
連江縣,2026-10-02 19:00:00,52.26
連江縣,2026-10-02 20:00:00,52.2
連江縣,2026-10-02 21:00:00,52.45
連江縣,2026-10-02 22:00:00,51.9
連江縣,2026-10-02 23:00:00,52.0
連江縣,2026-10-03 00:00:00,51.81
連江縣,2026-10-03 01:00:00,51.65
連江縣,2026-10-03 02:00:00,51.55
連江縣,2026-10-03 03:00:00,51.27
連江縣,2026-10-03 04:00:00,51.14
連江縣,2026-10-03 05:00:00,51.03
連江縣,2026-10-03 06:00:00,51.19
連江縣,2026-10-03 07:00:00,51.52
金門縣,2026-10-02 08:00:00,49.74
金門縣,2026-10-02 09:00:00,49.65
金門縣,2026-10-02 10:00:00,49.76
金門縣,2026-10-02 11:00:00,49.7
金門縣,2026-10-02 12:00:00,49.83
金門縣,2026-10-02 13:00:00,50.84
金門縣,2026-10-02 14:00:00,50.14
金門縣,2026-10-02 15:00:00,51.11
金門縣,2026-10-02 16:00:00,50.35
金門縣,2026-10-02 17:00:00,50.33
金門縣,2026-10-02 18:00:00,49.96
金門縣,2026-10-02 19:00:00,50.42
金門縣,2026-10-02 20:00:00,49.43
金門縣,2026-10-02 21:00:00,50.08
金門縣,2026-10-02 22:00:00,49.5
金門縣,2026-10-02 23:00:00,49.31
金門縣,2026-10-03 00:00:00,49.42
金門縣,2026-10-03 01:00:00,49.19
金門縣,2026-10-03 02:00:00,49.34
金門縣,2026-10-03 03:00:00,49.25
金門縣,2026-10-03 04:00:00,49.42
金門縣,2026-10-03 05:00:00,49.47
金門縣,2026-10-03 06:00:00,49.37
金門縣,2026-10-03 07:00:00,49.58
雲林縣,2026-10-02 08:00:00,68.98
雲林縣,2026-10-02 09:00:00,69.51
雲林縣,2026-10-02 10:00:00,70.56
雲林縣,2026-10-02 11:00:00,71.02
雲林縣,2026-10-02 12:00:00,71.4
雲林縣,2026-10-02 13:00:00,71.6
雲林縣,2026-10-02 14:00:00,71.89
雲林縣,2026-10-02 15:00:00,71.98
雲林縣,2026-10-02 16:00:00,71.93
雲林縣,2026-10-02 17:00:00,72.12
雲林縣,2026-10-02 18:00:00,72.21
雲林縣,2026-10-02 19:00:00,72.39
雲林縣,2026-10-02 20:00:00,72.56
雲林縣,2026-10-02 21:00:00,73.13
雲林縣,2026-10-02 22:00:00,72.95
雲林縣,2026-10-02 23:00:00,73.17
雲林縣,2026-10-03 00:00:00,72.97
雲林縣,2026-10-03 01:00:00,72.8
雲林縣,2026-10-03 02:00:00,72.76
雲林縣,2026-10-03 03:00:00,72.39
雲林縣,2026-10-03 04:00:00,72.5
雲林縣,2026-10-03 05:00:00,72.86
雲林縣,2026-10-03 06:00:00,72.84
雲林縣,2026-10-03 07:00:00,72.95
高雄市,2026-10-02 08:00:00,49.48
高雄市,2026-10-02 09:00:00,49.41
高雄市,2026-10-02 10:00:00,49.64
高雄市,2026-10-02 11:00:00,49.56
高雄市,2026-10-02 12:00:00,49.7
高雄市,2026-10-02 13:00:00,50.69
高雄市,2026-10-02 14:00:00,51.28
高雄市,2026-10-02 15:00:00,51.72
高雄市,2026-10-02 16:00:00,52.11
高雄市,2026-10-02 17:00:00,52.33
高雄市,2026-10-02 18:00:00,52.6
高雄市,2026-10-02 19:00:00,52.32
高雄市,2026-10-02 20:00:00,52.31
高雄市,2026-10-02 21:00:00,52.27
高雄市,2026-10-02 22:00:00,51.87
高雄市,2026-10-02 23:00:00,51.91
高雄市,2026-10-03 00:00:00,51.91
高雄市,2026-10-03 01:00:00,51.76
高雄市,2026-10-03 02:00:00,51.66
高雄市,2026-10-03 03:00:00,51.74
高雄市,2026-10-03 04:00:00,51.66
高雄市,2026-10-03 05:00:00,51.66
高雄市,2026-10-03 06:00:00,51.76
高雄市,2026-10-03 07:00:00,51.94
