siteid,sitename,monitordate,aqi,o38subindex,o3subindex,pm25subindex,pm10subindex,cosubindex,so2subindex,no2subindex
140,林森,2026-03-20,90,,,90.0,79.0,6.0,12.0,52.0
139,員林,2026-03-20,93,93.0,,82.0,69.0,3.0,12.0,31.0
88,臺灣大道,2026-03-20,79,,,79.0,62.0,7.0,6.0,52.0
85,大城,2026-03-20,90,90.0,,70.0,68.0,2.0,12.0,19.0
84,富貴角,2026-03-20,77,77.0,,67.0,64.0,2.0,0.0,5.0
83,麥寮,2026-03-20,67,,,67.0,63.0,3.0,12.0,19.0
80,關山,2026-03-20,45,45.0,,31.0,18.0,2.0,6.0,10.0
78,馬公,2026-03-20,84,84.0,,71.0,55.0,2.0,0.0,12.0
77,金門,2026-03-20,87,87.0,,80.0,57.0,3.0,12.0,29.0
75,馬祖,2026-03-20,97,97.0,,84.0,72.0,2.0,6.0,14.0
72,埔里,2026-03-20,94,74.0,,94.0,68.0,3.0,6.0,21.0
71,復興,2026-03-20,99,,,99.0,79.0,6.0,6.0,52.0
70,永和,2026-03-20,68,,,68.0,57.0,6.0,6.0,36.0
69,竹山,2026-03-20,106,100.0,,106.0,86.0,3.0,12.0,33.0
68,中壢,2026-03-20,70,,,70.0,58.0,8.0,6.0,59.0
67,三重,2026-03-20,65,,,65.0,53.0,10.0,12.0,64.0
66,冬山,2026-03-20,42,42.0,,42.0,30.0,2.0,0.0,21.0
65,宜蘭,2026-03-20,47,47.0,,36.0,37.0,3.0,6.0,21.0
64,陽明,2026-03-20,51,51.0,,20.0,18.0,2.0,6.0,2.0
63,花蓮,2026-03-20,71,71.0,,33.0,28.0,5.0,6.0,21.0
62,臺東,2026-03-20,54,54.0,,36.0,28.0,2.0,12.0,12.0
61,恆春,2026-03-20,51,51.0,,21.0,17.0,2.0,0.0,2.0
60,潮州,2026-03-20,108,108.0,,96.0,81.0,5.0,19.0,24.0
59,屏東,2026-03-20,96,90.0,,96.0,82.0,3.0,6.0,24.0
58,小港,2026-03-20,96,49.0,,96.0,78.0,6.0,12.0,61.0
57,前鎮,2026-03-20,92,,,92.0,81.0,5.0,12.0,45.0
56,前金,2026-03-20,98,74.0,,98.0,81.0,5.0,6.0,43.0
54,左營,2026-03-20,99,67.0,,99.0,80.0,5.0,6.0,40.0
53,楠梓,2026-03-20,95,58.0,,95.0,84.0,5.0,6.0,31.0
52,林園,2026-03-20,98,51.0,,98.0,81.0,5.0,19.0,50.0
51,大寮,2026-03-20,109,67.0,,109.0,84.0,5.0,19.0,48.0
50,鳳山,2026-03-20,104,,,104.0,77.0,7.0,6.0,54.0
49,仁武,2026-03-20,106,54.0,,106.0,79.0,6.0,12.0,52.0
48,橋頭,2026-03-20,101,51.0,,101.0,77.0,5.0,6.0,36.0
47,美濃,2026-03-20,100,100.0,,84.0,67.0,3.0,6.0,14.0
46,臺南,2026-03-20,84,67.0,,84.0,73.0,5.0,12.0,48.0
45,安南,2026-03-20,88,77.0,,88.0,76.0,5.0,12.0,36.0
44,善化,2026-03-20,90,80.0,,90.0,80.0,3.0,6.0,29.0
43,新營,2026-03-20,87,74.0,,87.0,80.0,3.0,12.0,31.0
42,嘉義,2026-03-20,104,67.0,,104.0,88.0,5.0,12.0,33.0
41,臺西,2026-03-20,67,,,67.0,67.0,3.0,12.0,21.0
40,朴子,2026-03-20,80,80.0,,74.0,69.0,2.0,12.0,21.0
39,新港,2026-03-20,80,80.0,,80.0,76.0,3.0,19.0,26.0
38,崙背,2026-03-20,78,74.0,,78.0,74.0,3.0,12.0,26.0
37,斗六,2026-03-20,93,93.0,,93.0,78.0,3.0,12.0,29.0
36,南投,2026-03-20,93,93.0,,86.0,69.0,3.0,6.0,40.0
35,二林,2026-03-20,81,80.0,,73.0,81.0,3.0,25.0,21.0
34,線西,2026-03-20,73,,,73.0,68.0,3.0,25.0,29.0
33,彰化,2026-03-20,74,74.0,,72.0,64.0,3.0,25.0,31.0
32,西屯,2026-03-20,71,71.0,,63.0,64.0,3.0,6.0,48.0
31,忠明,2026-03-20,74,74.0,,67.0,62.0,3.0,6.0,33.0
30,大里,2026-03-20,77,77.0,,72.0,65.0,5.0,6.0,33.0
29,沙鹿,2026-03-20,74,74.0,,71.0,69.0,3.0,6.0,21.0
28,豐原,2026-03-20,77,77.0,,67.0,53.0,3.0,19.0,33.0
27,三義,2026-03-20,59,58.0,,59.0,47.0,2.0,6.0,14.0
26,苗栗,2026-03-20,70,54.0,,70.0,59.0,3.0,12.0,29.0
25,頭份,2026-03-20,64,,,61.0,64.0,3.0,12.0,40.0
24,新竹,2026-03-20,66,61.0,,66.0,60.0,3.0,12.0,43.0
23,竹東,2026-03-20,64,61.0,,64.0,51.0,3.0,6.0,33.0
22,湖口,2026-03-20,60,58.0,,60.0,60.0,3.0,0.0,29.0
21,龍潭,2026-03-20,59,54.0,,59.0,52.0,3.0,12.0,36.0
20,平鎮,2026-03-20,63,48.0,,63.0,55.0,5.0,6.0,50.0
19,觀音,2026-03-20,69,58.0,,69.0,63.0,2.0,6.0,19.0
18,大園,2026-03-20,59,50.0,,58.0,59.0,3.0,6.0,57.0
17,桃園,2026-03-20,59,49.0,,59.0,50.0,5.0,6.0,33.0
16,大同,2026-03-20,62,,,62.0,45.0,9.0,6.0,62.0
15,松山,2026-03-20,67,43.0,,67.0,57.0,3.0,12.0,56.0
14,古亭,2026-03-20,59,45.0,,59.0,57.0,3.0,6.0,31.0
13,萬華,2026-03-20,62,46.0,,62.0,50.0,3.0,12.0,48.0
12,中山,2026-03-20,67,44.0,,67.0,54.0,5.0,6.0,50.0
11,士林,2026-03-20,50,50.0,,38.0,30.0,3.0,6.0,21.0
10,淡水,2026-03-20,49,49.0,,45.0,47.0,5.0,6.0,21.0
9,林口,2026-03-20,55,48.0,,55.0,38.0,3.0,6.0,33.0
8,菜寮,2026-03-20,58,50.0,,58.0,47.0,5.0,0.0,48.0
7,新莊,2026-03-20,62,50.0,,62.0,58.0,3.0,6.0,31.0
6,板橋,2026-03-20,63,48.0,,63.0,52.0,5.0,6.0,38.0
5,土城,2026-03-20,62,49.0,,62.0,52.0,3.0,0.0,33.0
4,新店,2026-03-20,50,46.0,,50.0,40.0,3.0,6.0,29.0
2,汐止,2026-03-20,64,43.0,,64.0,53.0,3.0,6.0,52.0
1,基隆,2026-03-20,62,44.0,,62.0,51.0,3.0,6.0,53.0
140,林森,2026-03-19,59,,,59.0,57.0,5.0,12.0,52.0
139,員林,2026-03-19,86,64.0,,86.0,67.0,3.0,19.0,38.0
88,臺灣大道,2026-03-19,81,,,81.0,62.0,10.0,6.0,62.0
85,大城,2026-03-19,86,67.0,,86.0,68.0,3.0,6.0,31.0
84,富貴角,2026-03-19,67,67.0,,44.0,47.0,2.0,0.0,12.0
83,麥寮,2026-03-19,78,,,78.0,64.0,3.0,12.0,38.0
80,關山,2026-03-19,42,40.0,,42.0,23.0,2.0,6.0,14.0
78,馬公,2026-03-19,61,61.0,,50.0,35.0,2.0,0.0,17.0
77,金門,2026-03-19,61,54.0,,61.0,47.0,5.0,12.0,36.0
75,馬祖,2026-03-19,71,71.0,,52.0,48.0,5.0,0.0,31.0
72,埔里,2026-03-19,73,51.0,,73.0,54.0,3.0,6.0,24.0
71,復興,2026-03-19,62,,,62.0,60.0,5.0,12.0,55.0
70,永和,2026-03-19,46,,,46.0,30.0,6.0,6.0,43.0
69,竹山,2026-03-19,79,49.0,,79.0,64.0,3.0,12.0,40.0
68,中壢,2026-03-19,64,,,60.0,55.0,7.0,6.0,64.0
67,三重,2026-03-19,62,,,49.0,38.0,10.0,12.0,62.0
66,冬山,2026-03-19,46,46.0,,37.0,33.0,2.0,0.0,29.0
65,宜蘭,2026-03-19,44,44.0,,35.0,28.0,3.0,6.0,33.0
64,陽明,2026-03-19,49,49.0,,22.0,20.0,2.0,6.0,12.0
63,花蓮,2026-03-19,47,47.0,,40.0,33.0,3.0,6.0,19.0
62,臺東,2026-03-19,44,44.0,,42.0,33.0,2.0,0.0,10.0
61,恆春,2026-03-19,48,48.0,,29.0,23.0,1.0,6.0,5.0
60,潮州,2026-03-19,58,48.0,,52.0,58.0,2.0,25.0,24.0
59,屏東,2026-03-19,58,51.0,,58.0,58.0,2.0,6.0,38.0
58,小港,2026-03-19,65,41.0,,65.0,55.0,3.0,19.0,54.0
57,前鎮,2026-03-19,57,,,54.0,57.0,3.0,6.0,54.0
56,前金,2026-03-19,59,46.0,,59.0,58.0,3.0,6.0,50.0
54,左營,2026-03-19,57,45.0,,57.0,57.0,6.0,6.0,56.0
53,楠梓,2026-03-19,61,45.0,,58.0,61.0,2.0,12.0,54.0
52,林園,2026-03-19,60,40.0,,60.0,57.0,2.0,12.0,43.0
51,大寮,2026-03-19,69,44.0,,69.0,63.0,3.0,31.0,45.0
50,鳳山,2026-03-19,63,,,63.0,54.0,5.0,6.0,45.0
49,仁武,2026-03-19,63,44.0,,63.0,54.0,3.0,19.0,51.0
48,橋頭,2026-03-19,63,44.0,,63.0,55.0,2.0,19.0,40.0
47,美濃,2026-03-19,55,54.0,,55.0,47.0,2.0,6.0,19.0
46,臺南,2026-03-19,54,47.0,,54.0,51.0,2.0,6.0,45.0
45,安南,2026-03-19,64,46.0,,64.0,59.0,3.0,12.0,53.0
44,善化,2026-03-19,58,50.0,,58.0,58.0,2.0,19.0,33.0
43,新營,2026-03-19,60,50.0,,59.0,60.0,2.0,12.0,36.0
42,嘉義,2026-03-19,69,46.0,,69.0,59.0,3.0,19.0,36.0
41,臺西,2026-03-19,75,,,75.0,63.0,3.0,19.0,50.0
40,朴子,2026-03-19,65,54.0,,65.0,59.0,2.0,12.0,43.0
39,新港,2026-03-19,75,50.0,,75.0,69.0,3.0,6.0,50.0
38,崙背,2026-03-19,89,49.0,,89.0,73.0,3.0,12.0,43.0
37,斗六,2026-03-19,82,67.0,,82.0,63.0,5.0,25.0,38.0
36,南投,2026-03-19,79,74.0,,79.0,63.0,3.0,6.0,45.0
35,二林,2026-03-19,91,50.0,,91.0,81.0,5.0,25.0,36.0
34,線西,2026-03-19,82,,,82.0,70.0,5.0,31.0,45.0
33,彰化,2026-03-19,76,49.0,,76.0,59.0,3.0,6.0,45.0
32,西屯,2026-03-19,74,44.0,,74.0,67.0,3.0,12.0,55.0
31,忠明,2026-03-19,71,46.0,,71.0,60.0,3.0,12.0,59.0
30,大里,2026-03-19,71,46.0,,71.0,62.0,5.0,12.0,48.0
29,沙鹿,2026-03-19,75,48.0,,75.0,62.0,3.0,6.0,43.0
28,豐原,2026-03-19,66,47.0,,66.0,52.0,3.0,12.0,48.0
27,三義,2026-03-19,65,40.0,,65.0,51.0,3.0,6.0,29.0
26,苗栗,2026-03-19,60,38.0,,60.0,45.0,3.0,19.0,38.0
25,頭份,2026-03-19,53,,,53.0,50.0,3.0,12.0,40.0
24,新竹,2026-03-19,53,41.0,,49.0,47.0,3.0,12.0,53.0
23,竹東,2026-03-19,55,41.0,,55.0,37.0,3.0,6.0,40.0
22,湖口,2026-03-19,46,44.0,,46.0,43.0,2.0,6.0,33.0
21,龍潭,2026-03-19,54,42.0,,54.0,45.0,3.0,6.0,45.0
20,平鎮,2026-03-19,55,35.0,,46.0,43.0,5.0,6.0,55.0
19,觀音,2026-03-19,48,48.0,,41.0,38.0,2.0,6.0,38.0
18,大園,2026-03-19,54,45.0,,42.0,42.0,3.0,6.0,54.0
17,桃園,2026-03-19,55,39.0,,48.0,42.0,3.0,19.0,55.0
16,大同,2026-03-19,60,,,44.0,25.0,8.0,6.0,60.0
15,松山,2026-03-19,56,39.0,,45.0,32.0,3.0,6.0,56.0
14,古亭,2026-03-19,41,41.0,,37.0,28.0,3.0,6.0,36.0
13,萬華,2026-03-19,48,40.0,,37.0,25.0,3.0,6.0,48.0
12,中山,2026-03-19,58,37.0,,47.0,32.0,5.0,0.0,58.0
11,士林,2026-03-19,44,44.0,,35.0,32.0,3.0,6.0,43.0
10,淡水,2026-03-19,58,44.0,,35.0,23.0,3.0,6.0,58.0
9,林口,2026-03-19,45,41.0,,33.0,27.0,2.0,6.0,45.0
8,菜寮,2026-03-19,51,42.0,,41.0,28.0,3.0,0.0,51.0
7,新莊,2026-03-19,58,43.0,,48.0,40.0,3.0,6.0,58.0
6,板橋,2026-03-19,55,40.0,,53.0,32.0,5.0,12.0,55.0
5,土城,2026-03-19,52,42.0,,42.0,35.0,5.0,6.0,52.0
4,新店,2026-03-19,43,42.0,,35.0,27.0,3.0,6.0,43.0
2,汐止,2026-03-19,53,41.0,,40.0,27.0,3.0,6.0,53.0
1,基隆,2026-03-19,47,47.0,,35.0,30.0,3.0,6.0,36.0
140,林森,2026-03-18,63,,,63.0,59.0,6.0,19.0,57.0
139,員林,2026-03-18,81,80.0,,81.0,62.0,5.0,19.0,52.0
88,臺灣大道,2026-03-18,76,,,76.0,59.0,10.0,12.0,64.0
85,大城,2026-03-18,108,108.0,,96.0,76.0,2.0,25.0,33.0
84,富貴角,2026-03-18,65,48.0,,65.0,47.0,2.0,6.0,29.0
83,麥寮,2026-03-18,105,,,105.0,77.0,3.0,19.0,38.0
80,關山,2026-03-18,37,37.0,,35.0,23.0,1.0,6.0,17.0
78,馬公,2026-03-18,80,80.0,,61.0,45.0,2.0,6.0,21.0
77,金門,2026-03-18,76,43.0,,76.0,52.0,2.0,38.0,57.0
75,馬祖,2026-03-18,87,87.0,,84.0,62.0,6.0,6.0,26.0
72,埔里,2026-03-18,62,54.0,,62.0,50.0,2.0,12.0,26.0
71,復興,2026-03-18,59,,,58.0,59.0,5.0,50.0,57.0
70,永和,2026-03-18,67,,,67.0,52.0,9.0,12.0,60.0
69,竹山,2026-03-18,74,74.0,,64.0,52.0,2.0,12.0,33.0
68,中壢,2026-03-18,73,,,73.0,57.0,10.0,12.0,60.0
67,三重,2026-03-18,75,,,75.0,60.0,11.0,19.0,72.0
66,冬山,2026-03-18,46,39.0,,46.0,40.0,3.0,6.0,29.0
65,宜蘭,2026-03-18,42,42.0,,40.0,35.0,2.0,0.0,21.0
64,陽明,2026-03-18,54,54.0,,43.0,38.0,2.0,19.0,17.0
63,花蓮,2026-03-18,37,37.0,,36.0,28.0,2.0,12.0,24.0
62,臺東,2026-03-18,38,38.0,,34.0,35.0,2.0,6.0,17.0
61,恆春,2026-03-18,41,41.0,,31.0,25.0,1.0,0.0,2.0
60,潮州,2026-03-18,50,50.0,,48.0,50.0,2.0,6.0,40.0
59,屏東,2026-03-18,66,64.0,,66.0,57.0,3.0,6.0,36.0
58,小港,2026-03-18,65,33.0,,65.0,57.0,5.0,31.0,58.0
57,前鎮,2026-03-18,55,,,52.0,52.0,5.0,31.0,55.0
56,前金,2026-03-18,62,45.0,,62.0,53.0,5.0,31.0,54.0
54,左營,2026-03-18,59,54.0,,59.0,57.0,6.0,52.0,55.0
53,楠梓,2026-03-18,69,64.0,,64.0,69.0,5.0,25.0,58.0
52,林園,2026-03-18,59,43.0,,59.0,54.0,2.0,6.0,31.0
51,大寮,2026-03-18,69,48.0,,69.0,62.0,3.0,6.0,52.0
50,鳳山,2026-03-18,63,,,63.0,57.0,5.0,25.0,50.0
49,仁武,2026-03-18,66,54.0,,66.0,57.0,5.0,38.0,54.0
48,橋頭,2026-03-18,71,50.0,,71.0,65.0,3.0,31.0,53.0
47,美濃,2026-03-18,97,97.0,,58.0,51.0,2.0,19.0,21.0
46,臺南,2026-03-18,71,71.0,,58.0,55.0,3.0,12.0,52.0
45,安南,2026-03-18,77,77.0,,71.0,60.0,3.0,19.0,56.0
44,善化,2026-03-18,80,80.0,,58.0,54.0,2.0,6.0,40.0
43,新營,2026-03-18,84,84.0,,69.0,60.0,3.0,19.0,38.0
42,嘉義,2026-03-18,77,77.0,,62.0,57.0,2.0,12.0,26.0
41,臺西,2026-03-18,106,,,106.0,79.0,3.0,19.0,40.0
40,朴子,2026-03-18,97,97.0,,84.0,69.0,3.0,19.0,45.0
39,新港,2026-03-18,90,90.0,,77.0,69.0,2.0,12.0,50.0
38,崙背,2026-03-18,102,77.0,,102.0,74.0,3.0,19.0,38.0
37,斗六,2026-03-18,100,100.0,,73.0,55.0,2.0,12.0,40.0
36,南投,2026-03-18,80,80.0,,67.0,52.0,2.0,6.0,31.0
35,二林,2026-03-18,105,93.0,,105.0,87.0,5.0,19.0,36.0
34,線西,2026-03-18,78,,,78.0,63.0,2.0,12.0,52.0
33,彰化,2026-03-18,84,84.0,,70.0,54.0,3.0,12.0,54.0
32,西屯,2026-03-18,84,84.0,,66.0,59.0,5.0,12.0,57.0
31,忠明,2026-03-18,77,77.0,,70.0,54.0,5.0,19.0,55.0
30,大里,2026-03-18,69,67.0,,69.0,57.0,3.0,19.0,53.0
29,沙鹿,2026-03-18,100,100.0,,78.0,64.0,5.0,50.0,65.0
28,豐原,2026-03-18,90,90.0,,58.0,48.0,3.0,19.0,52.0
27,三義,2026-03-18,90,90.0,,60.0,48.0,2.0,19.0,17.0
26,苗栗,2026-03-18,67,67.0,,58.0,40.0,2.0,12.0,51.0
25,頭份,2026-03-18,59,,,59.0,53.0,2.0,12.0,43.0
24,新竹,2026-03-18,63,54.0,,63.0,48.0,5.0,44.0,60.0
23,竹東,2026-03-18,60,50.0,,60.0,42.0,2.0,12.0,43.0
22,湖口,2026-03-18,64,54.0,,64.0,51.0,3.0,12.0,60.0
21,龍潭,2026-03-18,61,47.0,,61.0,48.0,2.0,12.0,54.0
20,平鎮,2026-03-18,66,44.0,,66.0,55.0,3.0,6.0,59.0
19,觀音,2026-03-18,74,49.0,,74.0,47.0,2.0,19.0,54.0
18,大園,2026-03-18,84,47.0,,84.0,57.0,5.0,6.0,59.0
17,桃園,2026-03-18,71,46.0,,71.0,54.0,6.0,19.0,59.0
16,大同,2026-03-18,72,,,69.0,50.0,12.0,6.0,72.0
15,松山,2026-03-18,67,49.0,,67.0,52.0,5.0,31.0,60.0
14,古亭,2026-03-18,58,51.0,,58.0,47.0,3.0,25.0,57.0
13,萬華,2026-03-18,62,44.0,,62.0,48.0,5.0,6.0,60.0
12,中山,2026-03-18,70,42.0,,70.0,58.0,7.0,12.0,69.0
11,士林,2026-03-18,57,47.0,,57.0,48.0,3.0,6.0,55.0
10,淡水,2026-03-18,76,46.0,,76.0,51.0,5.0,19.0,59.0
9,林口,2026-03-18,62,44.0,,62.0,50.0,5.0,6.0,61.0
8,菜寮,2026-03-18,71,44.0,,71.0,52.0,8.0,6.0,65.0
7,新莊,2026-03-18,73,50.0,,73.0,60.0,6.0,6.0,60.0
6,板橋,2026-03-18,70,50.0,,70.0,50.0,6.0,12.0,60.0
5,土城,2026-03-18,60,50.0,,60.0,52.0,5.0,6.0,57.0
4,新店,2026-03-18,61,61.0,,55.0,45.0,3.0,25.0,56.0
2,汐止,2026-03-18,66,54.0,,66.0,47.0,5.0,44.0,61.0
1,基隆,2026-03-18,57,44.0,,57.0,42.0,5.0,19.0,54.0
140,林森,2026-03-17,98,,,98.0,81.0,7.0,19.0,57.0
139,員林,2026-03-17,93,54.0,,93.0,72.0,5.0,25.0,54.0
88,臺灣大道,2026-03-17,75,,,75.0,58.0,9.0,6.0,65.0
85,大城,2026-03-17,74,74.0,,67.0,60.0,1.0,6.0,19.0
84,富貴角,2026-03-17,67,67.0,,64.0,63.0,1.0,6.0,14.0
83,麥寮,2026-03-17,73,,,73.0,64.0,2.0,6.0,21.0
80,關山,2026-03-17,37,37.0,,32.0,22.0,1.0,6.0,12.0
78,馬公,2026-03-17,60,58.0,,60.0,48.0,2.0,6.0,12.0
77,金門,2026-03-17,81,67.0,,81.0,62.0,3.0,25.0,52.0
75,馬祖,2026-03-17,60,58.0,,60.0,57.0,2.0,6.0,17.0
72,埔里,2026-03-17,67,67.0,,58.0,43.0,2.0,6.0,29.0
71,復興,2026-03-17,76,,,70.0,71.0,5.0,12.0,76.0
70,永和,2026-03-17,66,,,63.0,58.0,10.0,6.0,66.0
69,竹山,2026-03-17,67,67.0,,61.0,50.0,2.0,12.0,36.0
68,中壢,2026-03-17,90,,,90.0,67.0,11.0,6.0,63.0
67,三重,2026-03-17,70,,,68.0,60.0,10.0,12.0,70.0
66,冬山,2026-03-17,42,41.0,,42.0,33.0,1.0,0.0,17.0
65,宜蘭,2026-03-17,41,41.0,,35.0,30.0,1.0,6.0,19.0
64,陽明,2026-03-17,54,54.0,,38.0,38.0,2.0,12.0,29.0
63,花蓮,2026-03-17,39,39.0,,33.0,27.0,2.0,12.0,17.0
62,臺東,2026-03-17,40,40.0,,33.0,30.0,1.0,6.0,17.0
61,恆春,2026-03-17,44,44.0,,27.0,23.0,1.0,0.0,2.0
60,潮州,2026-03-17,93,93.0,,67.0,62.0,2.0,19.0,48.0
59,屏東,2026-03-17,108,108.0,,71.0,61.0,3.0,12.0,54.0
58,小港,2026-03-17,78,74.0,,78.0,67.0,3.0,25.0,60.0
57,前鎮,2026-03-17,67,,,64.0,67.0,5.0,19.0,57.0
56,前金,2026-03-17,87,87.0,,73.0,65.0,5.0,12.0,48.0
54,左營,2026-03-17,80,80.0,,68.0,65.0,5.0,12.0,55.0
53,楠梓,2026-03-17,76,50.0,,74.0,76.0,5.0,19.0,57.0
52,林園,2026-03-17,80,80.0,,71.0,68.0,2.0,19.0,36.0
51,大寮,2026-03-17,87,87.0,,79.0,69.0,2.0,19.0,45.0
50,鳳山,2026-03-17,74,,,74.0,62.0,5.0,19.0,50.0
49,仁武,2026-03-17,80,80.0,,72.0,67.0,3.0,19.0,54.0
48,橋頭,2026-03-17,84,71.0,,84.0,70.0,3.0,19.0,53.0
47,美濃,2026-03-17,93,93.0,,64.0,55.0,3.0,6.0,21.0
46,臺南,2026-03-17,92,54.0,,92.0,74.0,5.0,19.0,59.0
45,安南,2026-03-17,98,49.0,,98.0,80.0,5.0,25.0,54.0
44,善化,2026-03-17,86,51.0,,86.0,77.0,3.0,12.0,36.0
43,新營,2026-03-17,95,54.0,,95.0,80.0,3.0,12.0,45.0
42,嘉義,2026-03-17,92,45.0,,92.0,74.0,3.0,38.0,38.0
41,臺西,2026-03-17,67,,,67.0,61.0,1.0,25.0,31.0
40,朴子,2026-03-17,85,61.0,,85.0,72.0,2.0,19.0,26.0
39,新港,2026-03-17,89,47.0,,89.0,77.0,2.0,12.0,19.0
38,崙背,2026-03-17,105,49.0,,105.0,81.0,2.0,6.0,26.0
37,斗六,2026-03-17,87,61.0,,87.0,74.0,2.0,12.0,40.0
36,南投,2026-03-17,66,50.0,,66.0,52.0,3.0,6.0,53.0
35,二林,2026-03-17,98,58.0,,98.0,87.0,2.0,19.0,29.0
34,線西,2026-03-17,82,,,82.0,69.0,2.0,31.0,56.0
33,彰化,2026-03-17,87,47.0,,87.0,69.0,6.0,44.0,56.0
32,西屯,2026-03-17,64,45.0,,60.0,58.0,3.0,12.0,64.0
31,忠明,2026-03-17,65,47.0,,65.0,57.0,3.0,12.0,62.0
30,大里,2026-03-17,71,48.0,,71.0,61.0,5.0,6.0,55.0
29,沙鹿,2026-03-17,84,51.0,,84.0,65.0,5.0,6.0,59.0
28,豐原,2026-03-17,61,61.0,,57.0,43.0,2.0,12.0,43.0
27,三義,2026-03-17,67,67.0,,52.0,37.0,1.0,6.0,19.0
26,苗栗,2026-03-17,67,50.0,,67.0,53.0,2.0,19.0,48.0
25,頭份,2026-03-17,70,,,70.0,58.0,3.0,12.0,48.0
24,新竹,2026-03-17,76,49.0,,76.0,60.0,6.0,12.0,64.0
23,竹東,2026-03-17,70,46.0,,70.0,52.0,2.0,6.0,52.0
22,湖口,2026-03-17,81,54.0,,81.0,61.0,2.0,6.0,54.0
21,龍潭,2026-03-17,69,49.0,,69.0,55.0,2.0,12.0,55.0
20,平鎮,2026-03-17,84,46.0,,84.0,64.0,5.0,6.0,62.0
19,觀音,2026-03-17,82,50.0,,82.0,63.0,2.0,38.0,56.0
18,大園,2026-03-17,94,44.0,,94.0,69.0,5.0,6.0,63.0
17,桃園,2026-03-17,80,47.0,,80.0,64.0,6.0,12.0,64.0
16,大同,2026-03-17,70,,,63.0,48.0,14.0,12.0,70.0
15,松山,2026-03-17,64,40.0,,59.0,52.0,5.0,12.0,64.0
14,古亭,2026-03-17,60,45.0,,57.0,48.0,5.0,6.0,60.0
13,萬華,2026-03-17,66,37.0,,61.0,48.0,7.0,6.0,66.0
12,中山,2026-03-17,67,38.0,,64.0,55.0,7.0,6.0,67.0
11,士林,2026-03-17,58,45.0,,55.0,50.0,3.0,6.0,58.0
10,淡水,2026-03-17,66,45.0,,66.0,55.0,3.0,6.0,54.0
9,林口,2026-03-17,69,47.0,,69.0,54.0,5.0,12.0,62.0
8,菜寮,2026-03-17,70,44.0,,64.0,53.0,7.0,6.0,70.0
7,新莊,2026-03-17,67,45.0,,67.0,60.0,6.0,6.0,64.0
6,板橋,2026-03-17,71,47.0,,71.0,55.0,7.0,6.0,64.0
5,土城,2026-03-17,62,49.0,,62.0,55.0,5.0,6.0,59.0
4,新店,2026-03-17,59,49.0,,56.0,50.0,5.0,12.0,59.0
2,汐止,2026-03-17,60,40.0,,50.0,33.0,3.0,12.0,60.0
1,基隆,2026-03-17,62,41.0,,45.0,35.0,3.0,19.0,62.0
140,林森,2026-03-16,74,,,74.0,72.0,6.0,12.0,55.0
139,員林,2026-03-16,87,74.0,,87.0,73.0,5.0,19.0,52.0
88,臺灣大道,2026-03-16,89,,,89.0,72.0,10.0,12.0,62.0
85,大城,2026-03-16,74,74.0,,70.0,68.0,2.0,12.0,24.0
84,富貴角,2026-03-16,61,51.0,,53.0,61.0,1.0,0.0,10.0
83,麥寮,2026-03-16,70,,,70.0,68.0,2.0,12.0,29.0
80,關山,2026-03-16,42,42.0,,34.0,23.0,1.0,6.0,7.0
78,馬公,2026-03-16,71,71.0,,54.0,52.0,1.0,6.0,10.0
77,金門,2026-03-16,62,54.0,,62.0,54.0,2.0,12.0,48.0
75,馬祖,2026-03-16,74,74.0,,45.0,43.0,1.0,6.0,12.0
72,埔里,2026-03-16,74,51.0,,74.0,59.0,2.0,12.0,21.0
71,復興,2026-03-16,65,,,63.0,65.0,3.0,12.0,52.0
70,永和,2026-03-16,55,,,34.0,32.0,5.0,6.0,55.0
69,竹山,2026-03-16,87,87.0,,72.0,62.0,2.0,12.0,40.0
68,中壢,2026-03-16,61,,,61.0,53.0,9.0,6.0,60.0
67,三重,2026-03-16,68,,,43.0,40.0,10.0,12.0,68.0
66,冬山,2026-03-16,44,44.0,,36.0,28.0,1.0,0.0,19.0
65,宜蘭,2026-03-16,44,44.0,,31.0,33.0,2.0,6.0,24.0
64,陽明,2026-03-16,43,43.0,,19.0,25.0,1.0,12.0,7.0
63,花蓮,2026-03-16,43,43.0,,38.0,28.0,2.0,6.0,24.0
62,臺東,2026-03-16,44,44.0,,37.0,33.0,1.0,6.0,12.0
61,恆春,2026-03-16,47,47.0,,31.0,,1.0,6.0,2.0
60,潮州,2026-03-16,100,100.0,,72.0,70.0,2.0,19.0,33.0
59,屏東,2026-03-16,90,90.0,,67.0,62.0,2.0,6.0,36.0
58,小港,2026-03-16,72,71.0,,72.0,63.0,3.0,19.0,60.0
57,前鎮,2026-03-16,60,,,59.0,60.0,5.0,12.0,55.0
56,前金,2026-03-16,74,74.0,,67.0,63.0,3.0,6.0,55.0
54,左營,2026-03-16,71,71.0,,62.0,61.0,6.0,6.0,53.0
53,楠梓,2026-03-16,74,74.0,,68.0,70.0,3.0,6.0,59.0
52,林園,2026-03-16,70,67.0,,70.0,64.0,3.0,19.0,33.0
51,大寮,2026-03-16,77,77.0,,72.0,68.0,3.0,25.0,55.0
50,鳳山,2026-03-16,69,,,69.0,62.0,5.0,25.0,51.0
49,仁武,2026-03-16,74,74.0,,70.0,62.0,2.0,19.0,52.0
48,橋頭,2026-03-16,76,67.0,,76.0,64.0,2.0,12.0,54.0
47,美濃,2026-03-16,80,80.0,,67.0,59.0,2.0,6.0,21.0
46,臺南,2026-03-16,73,61.0,,73.0,67.0,3.0,12.0,54.0
45,安南,2026-03-16,80,67.0,,80.0,73.0,3.0,12.0,55.0
44,善化,2026-03-16,75,67.0,,75.0,71.0,2.0,12.0,45.0
43,新營,2026-03-16,76,58.0,,76.0,70.0,2.0,12.0,43.0
42,嘉義,2026-03-16,79,58.0,,79.0,73.0,3.0,31.0,38.0
41,臺西,2026-03-16,69,,,69.0,68.0,2.0,25.0,38.0
40,朴子,2026-03-16,81,64.0,,81.0,72.0,2.0,12.0,29.0
39,新港,2026-03-16,82,71.0,,82.0,80.0,2.0,12.0,33.0
38,崙背,2026-03-16,96,54.0,,96.0,84.0,3.0,19.0,26.0
37,斗六,2026-03-16,85,80.0,,85.0,76.0,2.0,12.0,36.0
36,南投,2026-03-16,100,100.0,,,,3.0,12.0,50.0
35,二林,2026-03-16,82,64.0,,78.0,82.0,3.0,12.0,19.0
34,線西,2026-03-16,78,,,78.0,65.0,3.0,25.0,54.0
33,彰化,2026-03-16,79,54.0,,79.0,67.0,6.0,31.0,40.0
32,西屯,2026-03-16,70,58.0,,70.0,67.0,5.0,19.0,55.0
31,忠明,2026-03-16,75,61.0,,75.0,68.0,5.0,12.0,55.0
30,大里,2026-03-16,75,61.0,,75.0,71.0,5.0,19.0,52.0
29,沙鹿,2026-03-16,77,64.0,,77.0,64.0,3.0,12.0,50.0
28,豐原,2026-03-16,93,93.0,,74.0,59.0,3.0,19.0,52.0
27,三義,2026-03-16,77,77.0,,58.0,47.0,2.0,6.0,12.0
26,苗栗,2026-03-16,58,58.0,,56.0,45.0,2.0,25.0,33.0
25,頭份,2026-03-16,53,,,52.0,53.0,3.0,12.0,36.0
24,新竹,2026-03-16,51,51.0,,48.0,50.0,2.0,6.0,51.0
23,竹東,2026-03-16,59,49.0,,59.0,47.0,2.0,19.0,31.0
22,湖口,2026-03-16,54,54.0,,48.0,47.0,2.0,6.0,51.0
21,龍潭,2026-03-16,56,47.0,,56.0,48.0,2.0,6.0,48.0
20,平鎮,2026-03-16,54,44.0,,48.0,47.0,3.0,6.0,54.0
19,觀音,2026-03-16,50,49.0,,45.0,50.0,2.0,6.0,38.0
18,大園,2026-03-16,60,45.0,,40.0,43.0,2.0,12.0,60.0
17,桃園,2026-03-16,53,46.0,,41.0,40.0,3.0,6.0,53.0
16,大同,2026-03-16,69,,,41.0,32.0,14.0,12.0,69.0
15,松山,2026-03-16,58,41.0,,33.0,32.0,2.0,12.0,58.0
14,古亭,2026-03-16,51,42.0,,33.0,28.0,2.0,6.0,51.0
13,萬華,2026-03-16,52,40.0,,34.0,28.0,3.0,6.0,52.0
12,中山,2026-03-16,59,40.0,,42.0,37.0,3.0,6.0,59.0
11,士林,2026-03-16,47,47.0,,27.0,32.0,2.0,6.0,36.0
10,淡水,2026-03-16,51,41.0,,39.0,51.0,1.0,6.0,45.0
9,林口,2026-03-16,57,47.0,,36.0,35.0,2.0,12.0,57.0
8,菜寮,2026-03-16,68,44.0,,33.0,35.0,5.0,6.0,68.0
7,新莊,2026-03-16,61,47.0,,,,5.0,6.0,61.0
6,板橋,2026-03-16,54,47.0,,46.0,35.0,3.0,6.0,54.0
5,土城,2026-03-16,54,48.0,,29.0,37.0,3.0,6.0,54.0
4,新店,2026-03-16,50,45.0,,29.0,25.0,2.0,6.0,50.0
2,汐止,2026-03-16,54,42.0,,34.0,27.0,2.0,0.0,54.0
1,基隆,2026-03-16,45,44.0,,26.0,25.0,2.0,19.0,45.0
140,林森,2026-03-15,79,,,79.0,76.0,5.0,19.0,57.0
139,員林,2026-03-15,93,93.0,,93.0,73.0,5.0,12.0,38.0
88,臺灣大道,2026-03-15,84,,,84.0,69.0,7.0,6.0,54.0
85,大城,2026-03-15,80,80.0,,71.0,70.0,2.0,12.0,24.0
84,富貴角,2026-03-15,82,61.0,,54.0,82.0,1.0,6.0,5.0
83,麥寮,2026-03-15,69,,,69.0,69.0,2.0,6.0,24.0
80,關山,2026-03-15,46,46.0,,40.0,30.0,1.0,6.0,7.0
78,馬公,2026-03-15,80,80.0,,57.0,57.0,1.0,6.0,7.0
77,金門,2026-03-15,80,80.0,,69.0,57.0,2.0,12.0,36.0
75,馬祖,2026-03-15,74,74.0,,58.0,53.0,3.0,12.0,17.0
72,埔里,2026-03-15,85,71.0,,85.0,62.0,2.0,12.0,19.0
71,復興,2026-03-15,79,,,79.0,79.0,3.0,19.0,52.0
70,永和,2026-03-15,43,,,43.0,37.0,2.0,12.0,31.0
69,竹山,2026-03-15,100,100.0,,89.0,70.0,2.0,12.0,26.0
68,中壢,2026-03-15,55,,,54.0,47.0,6.0,6.0,55.0
67,三重,2026-03-15,60,,,43.0,43.0,8.0,12.0,60.0
66,冬山,2026-03-15,49,49.0,,43.0,33.0,1.0,6.0,14.0
65,宜蘭,2026-03-15,49,49.0,,35.0,33.0,1.0,6.0,12.0
64,陽明,2026-03-15,47,47.0,,25.0,33.0,1.0,31.0,10.0
63,花蓮,2026-03-15,50,50.0,,38.0,32.0,1.0,6.0,14.0
62,臺東,2026-03-15,48,48.0,,45.0,37.0,1.0,6.0,7.0
61,恆春,2026-03-15,54,54.0,,27.0,,1.0,6.0,0.0
60,潮州,2026-03-15,112,112.0,,81.0,73.0,3.0,44.0,38.0
59,屏東,2026-03-15,101,101.0,,79.0,72.0,2.0,12.0,29.0
58,小港,2026-03-15,97,97.0,,88.0,76.0,3.0,19.0,53.0
57,前鎮,2026-03-15,72,,,72.0,71.0,5.0,19.0,51.0
56,前金,2026-03-15,100,100.0,,76.0,73.0,3.0,12.0,50.0
54,左營,2026-03-15,87,87.0,,78.0,73.0,7.0,19.0,55.0
53,楠梓,2026-03-15,90,90.0,,84.0,77.0,3.0,12.0,38.0
52,林園,2026-03-15,84,80.0,,84.0,79.0,3.0,25.0,40.0
51,大寮,2026-03-15,101,101.0,,87.0,77.0,3.0,38.0,36.0
50,鳳山,2026-03-15,87,,,87.0,73.0,5.0,19.0,52.0
49,仁武,2026-03-15,100,100.0,,85.0,72.0,3.0,19.0,54.0
48,橋頭,2026-03-15,84,84.0,,83.0,72.0,2.0,6.0,33.0
47,美濃,2026-03-15,97,97.0,,68.0,61.0,2.0,6.0,21.0
46,臺南,2026-03-15,77,77.0,,75.0,70.0,3.0,19.0,57.0
45,安南,2026-03-15,77,77.0,,74.0,68.0,3.0,19.0,40.0
44,善化,2026-03-15,77,77.0,,77.0,68.0,3.0,12.0,33.0
43,新營,2026-03-15,75,74.0,,75.0,70.0,3.0,12.0,43.0
42,嘉義,2026-03-15,80,80.0,,80.0,72.0,3.0,19.0,36.0
41,臺西,2026-03-15,68,,,67.0,68.0,2.0,25.0,31.0
40,朴子,2026-03-15,74,74.0,,73.0,70.0,3.0,12.0,29.0
39,新港,2026-03-15,84,84.0,,77.0,72.0,3.0,19.0,36.0
38,崙背,2026-03-15,84,67.0,,84.0,69.0,3.0,19.0,26.0
37,斗六,2026-03-15,100,100.0,,91.0,77.0,3.0,19.0,36.0
36,南投,2026-03-15,-1,,,,,,,
35,二林,2026-03-15,75,74.0,,75.0,74.0,3.0,25.0,24.0
34,線西,2026-03-15,76,,,76.0,60.0,3.0,38.0,31.0
33,彰化,2026-03-15,82,77.0,,82.0,67.0,5.0,19.0,50.0
32,西屯,2026-03-15,77,77.0,,65.0,64.0,3.0,19.0,54.0
31,忠明,2026-03-15,87,87.0,,76.0,65.0,5.0,12.0,54.0
30,大里,2026-03-15,87,87.0,,78.0,70.0,5.0,12.0,31.0
29,沙鹿,2026-03-15,81,64.0,,81.0,62.0,5.0,12.0,36.0
28,豐原,2026-03-15,93,93.0,,70.0,58.0,3.0,19.0,29.0
27,三義,2026-03-15,71,71.0,,59.0,50.0,2.0,6.0,14.0
26,苗栗,2026-03-15,59,49.0,,59.0,47.0,2.0,25.0,31.0
25,頭份,2026-03-15,54,,,54.0,53.0,2.0,6.0,29.0
24,新竹,2026-03-15,60,49.0,,45.0,50.0,3.0,12.0,60.0
23,竹東,2026-03-15,67,67.0,,57.0,48.0,2.0,19.0,26.0
22,湖口,2026-03-15,49,49.0,,43.0,45.0,2.0,6.0,48.0
21,龍潭,2026-03-15,58,58.0,,54.0,50.0,2.0,12.0,50.0
20,平鎮,2026-03-15,47,47.0,,47.0,42.0,2.0,6.0,31.0
19,觀音,2026-03-15,53,47.0,,43.0,47.0,2.0,6.0,53.0
18,大園,2026-03-15,61,46.0,,36.0,40.0,2.0,12.0,61.0
17,桃園,2026-03-15,47,47.0,,33.0,35.0,2.0,6.0,31.0
16,大同,2026-03-15,61,,,46.0,33.0,5.0,12.0,61.0
15,松山,2026-03-15,54,44.0,,40.0,38.0,2.0,19.0,54.0
14,古亭,2026-03-15,45,45.0,,36.0,33.0,2.0,12.0,31.0
13,萬華,2026-03-15,50,41.0,,40.0,33.0,2.0,12.0,50.0
12,中山,2026-03-15,54,42.0,,40.0,42.0,3.0,12.0,54.0
11,士林,2026-03-15,44,44.0,,32.0,35.0,1.0,12.0,36.0
10,淡水,2026-03-15,48,45.0,,40.0,40.0,2.0,6.0,48.0
9,林口,2026-03-15,47,47.0,,36.0,32.0,1.0,12.0,19.0
8,菜寮,2026-03-15,46,46.0,,35.0,35.0,3.0,12.0,45.0
7,新莊,2026-03-15,49,49.0,,,,2.0,6.0,38.0
6,板橋,2026-03-15,47,45.0,,47.0,35.0,2.0,12.0,43.0
5,土城,2026-03-15,46,46.0,,25.0,33.0,2.0,6.0,40.0
4,新店,2026-03-15,47,47.0,,34.0,32.0,2.0,6.0,38.0
2,汐止,2026-03-15,52,45.0,,38.0,30.0,2.0,6.0,52.0
1,基隆,2026-03-15,47,47.0,,29.0,32.0,2.0,6.0,43.0
140,林森,2026-03-14,81,,,79.0,81.0,6.0,25.0,62.0
139,員林,2026-03-14,101,101.0,,85.0,74.0,5.0,19.0,52.0
88,臺灣大道,2026-03-14,92,,,92.0,78.0,9.0,19.0,60.0
85,大城,2026-03-14,86,84.0,,86.0,78.0,5.0,19.0,48.0
84,富貴角,2026-03-14,77,77.0,,57.0,62.0,1.0,0.0,5.0
83,麥寮,2026-03-14,78,,,78.0,71.0,3.0,19.0,36.0
80,關山,2026-03-14,53,49.0,,53.0,37.0,1.0,6.0,7.0
78,馬公,2026-03-14,100,100.0,,69.0,61.0,2.0,6.0,7.0
77,金門,2026-03-14,93,93.0,,72.0,60.0,2.0,12.0,24.0
75,馬祖,2026-03-14,90,90.0,,76.0,63.0,3.0,12.0,24.0
72,埔里,2026-03-14,90,90.0,,76.0,61.0,3.0,12.0,21.0
71,復興,2026-03-14,87,,,81.0,87.0,5.0,12.0,57.0
70,永和,2026-03-14,54,,,54.0,51.0,3.0,12.0,29.0
69,竹山,2026-03-14,126,126.0,,82.0,73.0,2.0,12.0,29.0
68,中壢,2026-03-14,61,,,61.0,52.0,6.0,6.0,57.0
67,三重,2026-03-14,66,,,57.0,53.0,9.0,19.0,66.0
66,冬山,2026-03-14,54,49.0,,54.0,43.0,2.0,6.0,33.0
65,宜蘭,2026-03-14,59,50.0,,59.0,40.0,1.0,6.0,12.0
64,陽明,2026-03-14,58,58.0,,38.0,42.0,2.0,19.0,5.0
63,花蓮,2026-03-14,54,54.0,,53.0,43.0,2.0,12.0,24.0
62,臺東,2026-03-14,54,54.0,,52.0,47.0,1.0,6.0,10.0
61,恆春,2026-03-14,64,64.0,,45.0,42.0,1.0,6.0,2.0
60,潮州,2026-03-14,122,122.0,,79.0,78.0,3.0,19.0,26.0
59,屏東,2026-03-14,104,104.0,,78.0,74.0,2.0,12.0,29.0
58,小港,2026-03-14,90,84.0,,90.0,82.0,3.0,19.0,55.0
57,前鎮,2026-03-14,81,,,78.0,81.0,5.0,19.0,57.0
56,前金,2026-03-14,87,87.0,,82.0,84.0,5.0,6.0,54.0
54,左營,2026-03-14,84,74.0,,82.0,84.0,5.0,12.0,57.0
53,楠梓,2026-03-14,86,80.0,,82.0,86.0,3.0,6.0,50.0
52,林園,2026-03-14,87,87.0,,77.0,79.0,3.0,19.0,38.0
51,大寮,2026-03-14,93,93.0,,89.0,82.0,3.0,38.0,52.0
50,鳳山,2026-03-14,84,,,84.0,80.0,5.0,12.0,53.0
49,仁武,2026-03-14,88,77.0,,88.0,86.0,5.0,19.0,58.0
48,橋頭,2026-03-14,90,77.0,,90.0,82.0,5.0,12.0,51.0
47,美濃,2026-03-14,101,101.0,,74.0,68.0,2.0,0.0,17.0
46,臺南,2026-03-14,76,74.0,,75.0,76.0,5.0,31.0,62.0
45,安南,2026-03-14,80,80.0,,77.0,72.0,5.0,25.0,54.0
44,善化,2026-03-14,81,77.0,,81.0,73.0,5.0,31.0,50.0
43,新營,2026-03-14,82,77.0,,82.0,73.0,5.0,19.0,51.0
42,嘉義,2026-03-14,101,101.0,,85.0,79.0,3.0,19.0,38.0
41,臺西,2026-03-14,76,,,76.0,72.0,3.0,19.0,36.0
40,朴子,2026-03-14,87,87.0,,73.0,73.0,3.0,19.0,40.0
39,新港,2026-03-14,93,93.0,,76.0,79.0,5.0,19.0,45.0
38,崙背,2026-03-14,93,84.0,,93.0,78.0,5.0,12.0,40.0
37,斗六,2026-03-14,108,108.0,,87.0,79.0,3.0,12.0,33.0
36,南投,2026-03-14,126,126.0,,,,2.0,6.0,29.0
35,二林,2026-03-14,87,87.0,,79.0,78.0,3.0,25.0,33.0
34,線西,2026-03-14,76,,,76.0,65.0,3.0,38.0,53.0
33,彰化,2026-03-14,74,74.0,,73.0,65.0,3.0,25.0,45.0
32,西屯,2026-03-14,84,84.0,,70.0,71.0,5.0,12.0,59.0
31,忠明,2026-03-14,90,90.0,,83.0,72.0,5.0,19.0,56.0
30,大里,2026-03-14,97,97.0,,78.0,71.0,5.0,25.0,40.0
29,沙鹿,2026-03-14,82,77.0,,82.0,67.0,5.0,12.0,62.0
28,豐原,2026-03-14,108,108.0,,65.0,61.0,3.0,12.0,48.0
27,三義,2026-03-14,90,90.0,,62.0,54.0,2.0,6.0,26.0
26,苗栗,2026-03-14,58,58.0,,56.0,48.0,2.0,19.0,48.0
25,頭份,2026-03-14,52,,,52.0,52.0,2.0,6.0,40.0
24,新竹,2026-03-14,54,54.0,,45.0,48.0,2.0,6.0,36.0
23,竹東,2026-03-14,64,64.0,,52.0,42.0,2.0,12.0,29.0
22,湖口,2026-03-14,51,51.0,,49.0,50.0,2.0,0.0,26.0
21,龍潭,2026-03-14,53,49.0,,53.0,47.0,2.0,19.0,43.0
20,平鎮,2026-03-14,55,48.0,,55.0,50.0,3.0,6.0,26.0
19,觀音,2026-03-14,52,50.0,,49.0,52.0,2.0,19.0,26.0
18,大園,2026-03-14,53,47.0,,53.0,50.0,2.0,12.0,45.0
17,桃園,2026-03-14,50,49.0,,49.0,50.0,2.0,6.0,26.0
16,大同,2026-03-14,62,,,55.0,45.0,5.0,12.0,62.0
15,松山,2026-03-14,54,47.0,,54.0,51.0,2.0,12.0,52.0
14,古亭,2026-03-14,48,48.0,,46.0,47.0,2.0,6.0,31.0
13,萬華,2026-03-14,51,43.0,,48.0,45.0,2.0,12.0,51.0
12,中山,2026-03-14,56,44.0,,56.0,51.0,3.0,6.0,48.0
11,士林,2026-03-14,59,48.0,,42.0,59.0,2.0,12.0,31.0
10,淡水,2026-03-14,52,47.0,,52.0,48.0,2.0,12.0,45.0
9,林口,2026-03-14,49,49.0,,48.0,45.0,2.0,12.0,26.0
8,菜寮,2026-03-14,48,48.0,,44.0,40.0,3.0,6.0,43.0
7,新莊,2026-03-14,54,51.0,,54.0,,2.0,6.0,21.0
6,板橋,2026-03-14,59,48.0,,59.0,47.0,2.0,0.0,38.0
5,土城,2026-03-14,49,49.0,,41.0,47.0,2.0,0.0,29.0
4,新店,2026-03-14,47,47.0,,45.0,47.0,2.0,6.0,31.0
2,汐止,2026-03-14,58,49.0,,55.0,45.0,3.0,6.0,58.0
1,基隆,2026-03-14,50,50.0,,46.0,43.0,2.0,6.0,36.0
140,林森,2026-03-13,88,,,75.0,88.0,6.0,12.0,54.0
139,員林,2026-03-13,79,74.0,,79.0,70.0,3.0,12.0,38.0
88,臺灣大道,2026-03-13,73,,,73.0,62.0,6.0,6.0,55.0
85,大城,2026-03-13,84,84.0,,83.0,83.0,2.0,12.0,12.0
84,富貴角,2026-03-13,93,93.0,,85.0,81.0,1.0,0.0,7.0
83,麥寮,2026-03-13,105,,,86.0,105.0,2.0,19.0,19.0
80,關山,2026-03-13,56,51.0,,56.0,52.0,1.0,6.0,10.0
78,馬公,2026-03-13,81,80.0,,81.0,68.0,2.0,6.0,7.0
77,金門,2026-03-13,101,101.0,,84.0,68.0,2.0,12.0,26.0
75,馬祖,2026-03-13,101,100.0,,101.0,82.0,2.0,6.0,14.0
72,埔里,2026-03-13,61,61.0,,59.0,50.0,2.0,6.0,26.0
71,復興,2026-03-13,80,,,73.0,80.0,3.0,12.0,54.0
70,永和,2026-03-13,67,,,67.0,60.0,5.0,6.0,53.0
69,竹山,2026-03-13,84,84.0,,66.0,64.0,2.0,12.0,31.0
68,中壢,2026-03-13,79,,,79.0,64.0,5.0,6.0,56.0
67,三重,2026-03-13,77,,,77.0,67.0,9.0,12.0,67.0
66,冬山,2026-03-13,64,54.0,,64.0,55.0,2.0,6.0,19.0
65,宜蘭,2026-03-13,62,49.0,,62.0,52.0,2.0,6.0,14.0
64,陽明,2026-03-13,71,71.0,,67.0,58.0,2.0,6.0,7.0
63,花蓮,2026-03-13,56,51.0,,56.0,52.0,2.0,12.0,19.0
62,臺東,2026-03-13,65,58.0,,61.0,65.0,2.0,6.0,10.0
61,恆春,2026-03-13,71,71.0,,55.0,52.0,1.0,0.0,2.0
60,潮州,2026-03-13,93,93.0,,77.0,79.0,2.0,12.0,24.0
59,屏東,2026-03-13,93,93.0,,78.0,81.0,5.0,25.0,45.0
58,小港,2026-03-13,82,77.0,,82.0,80.0,3.0,19.0,57.0
57,前鎮,2026-03-13,74,,,68.0,74.0,3.0,12.0,52.0
56,前金,2026-03-13,104,104.0,,75.0,78.0,3.0,12.0,48.0
54,左營,2026-03-13,90,90.0,,75.0,74.0,3.0,6.0,50.0
53,楠梓,2026-03-13,93,93.0,,77.0,84.0,2.0,12.0,43.0
52,林園,2026-03-13,90,90.0,,73.0,76.0,3.0,19.0,51.0
51,大寮,2026-03-13,90,90.0,,78.0,77.0,3.0,25.0,53.0
50,鳳山,2026-03-13,76,,,76.0,76.0,5.0,19.0,57.0
49,仁武,2026-03-13,87,87.0,,76.0,77.0,3.0,25.0,59.0
48,橋頭,2026-03-13,100,100.0,,82.0,78.0,3.0,12.0,40.0
47,美濃,2026-03-13,108,108.0,,70.0,72.0,2.0,12.0,19.0
46,臺南,2026-03-13,90,90.0,,72.0,78.0,3.0,19.0,51.0
45,安南,2026-03-13,84,84.0,,74.0,80.0,3.0,12.0,40.0
44,善化,2026-03-13,87,87.0,,73.0,73.0,2.0,19.0,36.0
43,新營,2026-03-13,88,80.0,,81.0,88.0,2.0,12.0,38.0
42,嘉義,2026-03-13,84,84.0,,77.0,78.0,3.0,19.0,43.0
41,臺西,2026-03-13,90,,,75.0,90.0,2.0,12.0,19.0
40,朴子,2026-03-13,92,87.0,,74.0,92.0,2.0,6.0,21.0
39,新港,2026-03-13,87,87.0,,73.0,86.0,2.0,19.0,29.0
38,崙背,2026-03-13,102,71.0,,88.0,102.0,3.0,19.0,40.0
37,斗六,2026-03-13,97,97.0,,74.0,71.0,2.0,12.0,33.0
36,南投,2026-03-13,74,74.0,,70.0,57.0,3.0,6.0,45.0
35,二林,2026-03-13,96,71.0,,75.0,96.0,3.0,25.0,26.0
34,線西,2026-03-13,84,,,84.0,74.0,5.0,31.0,38.0
33,彰化,2026-03-13,78,61.0,,78.0,71.0,3.0,12.0,43.0
32,西屯,2026-03-13,67,67.0,,64.0,63.0,2.0,12.0,45.0
31,忠明,2026-03-13,67,58.0,,67.0,64.0,3.0,12.0,51.0
30,大里,2026-03-13,64,64.0,,55.0,59.0,3.0,6.0,48.0
29,沙鹿,2026-03-13,79,67.0,,79.0,67.0,2.0,12.0,36.0
28,豐原,2026-03-13,74,74.0,,60.0,50.0,2.0,12.0,29.0
27,三義,2026-03-13,71,71.0,,64.0,53.0,2.0,6.0,24.0
26,苗栗,2026-03-13,70,64.0,,70.0,57.0,2.0,6.0,33.0
25,頭份,2026-03-13,67,,,67.0,65.0,2.0,6.0,24.0
24,新竹,2026-03-13,65,51.0,,65.0,63.0,2.0,12.0,31.0
23,竹東,2026-03-13,67,67.0,,66.0,55.0,2.0,6.0,14.0
22,湖口,2026-03-13,65,51.0,,65.0,61.0,2.0,19.0,24.0
21,龍潭,2026-03-13,66,50.0,,66.0,61.0,2.0,6.0,24.0
20,平鎮,2026-03-13,72,46.0,,72.0,64.0,3.0,6.0,36.0
19,觀音,2026-03-13,71,54.0,,71.0,71.0,2.0,12.0,26.0
18,大園,2026-03-13,73,49.0,,73.0,64.0,2.0,12.0,54.0
17,桃園,2026-03-13,66,47.0,,66.0,60.0,3.0,12.0,48.0
16,大同,2026-03-13,75,,,75.0,60.0,8.0,12.0,67.0
15,松山,2026-03-13,71,54.0,,71.0,63.0,2.0,6.0,52.0
14,古亭,2026-03-13,66,46.0,,66.0,62.0,2.0,6.0,45.0
13,萬華,2026-03-13,70,49.0,,70.0,58.0,3.0,12.0,53.0
12,中山,2026-03-13,76,50.0,,76.0,64.0,3.0,6.0,52.0
11,士林,2026-03-13,64,64.0,,63.0,62.0,2.0,6.0,21.0
10,淡水,2026-03-13,73,46.0,,73.0,58.0,3.0,6.0,36.0
9,林口,2026-03-13,74,54.0,,74.0,60.0,2.0,12.0,54.0
8,菜寮,2026-03-13,69,58.0,,69.0,55.0,3.0,0.0,40.0
7,新莊,2026-03-13,74,50.0,,74.0,68.0,2.0,0.0,40.0
6,板橋,2026-03-13,72,48.0,,72.0,58.0,3.0,6.0,53.0
5,土城,2026-03-13,59,49.0,,59.0,59.0,3.0,6.0,36.0
4,新店,2026-03-13,58,47.0,,58.0,54.0,2.0,6.0,50.0
2,汐止,2026-03-13,69,54.0,,69.0,59.0,2.0,6.0,53.0
1,基隆,2026-03-13,71,71.0,,68.0,60.0,2.0,6.0,21.0
140,林森,2026-03-12,92,,,67.0,92.0,6.0,12.0,52.0
139,員林,2026-03-12,67,67.0,,55.0,59.0,2.0,6.0,40.0
88,臺灣大道,2026-03-12,52,,,52.0,50.0,3.0,0.0,52.0
85,大城,2026-03-12,80,80.0,,57.0,61.0,1.0,19.0,19.0
84,富貴角,2026-03-12,87,87.0,,58.0,62.0,1.0,0.0,5.0
83,麥寮,2026-03-12,102,,,59.0,102.0,2.0,19.0,33.0
80,關山,2026-03-12,44,44.0,,32.0,23.0,1.0,6.0,14.0
78,馬公,2026-03-12,77,77.0,,59.0,53.0,1.0,6.0,5.0
77,金門,2026-03-12,112,112.0,,74.0,61.0,2.0,6.0,21.0
75,馬祖,2026-03-12,104,104.0,,76.0,64.0,3.0,31.0,33.0
72,埔里,2026-03-12,51,48.0,,51.0,35.0,3.0,6.0,21.0
71,復興,2026-03-12,93,,,78.0,93.0,6.0,12.0,57.0
70,永和,2026-03-12,54,,,51.0,50.0,5.0,6.0,54.0
69,竹山,2026-03-12,70,67.0,,59.0,70.0,2.0,12.0,43.0
68,中壢,2026-03-12,57,,,53.0,50.0,6.0,6.0,57.0
67,三重,2026-03-12,67,,,55.0,52.0,8.0,6.0,67.0
66,冬山,2026-03-12,51,51.0,,47.0,45.0,1.0,6.0,14.0
65,宜蘭,2026-03-12,51,51.0,,44.0,37.0,1.0,6.0,14.0
64,陽明,2026-03-12,64,64.0,,36.0,40.0,2.0,6.0,5.0
63,花蓮,2026-03-12,45,45.0,,40.0,45.0,2.0,6.0,17.0
62,臺東,2026-03-12,49,49.0,,36.0,43.0,1.0,6.0,12.0
61,恆春,2026-03-12,54,54.0,,39.0,32.0,1.0,0.0,2.0
60,潮州,2026-03-12,132,132.0,,70.0,73.0,2.0,6.0,29.0
59,屏東,2026-03-12,80,80.0,,67.0,78.0,2.0,6.0,33.0
58,小港,2026-03-12,96,71.0,,86.0,96.0,5.0,12.0,59.0
57,前鎮,2026-03-12,82,,,74.0,82.0,5.0,12.0,52.0
56,前金,2026-03-12,103,71.0,,79.0,103.0,5.0,12.0,53.0
54,左營,2026-03-12,94,64.0,,75.0,94.0,5.0,12.0,45.0
53,楠梓,2026-03-12,92,67.0,,79.0,92.0,3.0,12.0,51.0
52,林園,2026-03-12,97,64.0,,79.0,97.0,3.0,19.0,56.0
51,大寮,2026-03-12,90,71.0,,78.0,90.0,3.0,31.0,43.0
50,鳳山,2026-03-12,88,,,81.0,88.0,6.0,19.0,56.0
49,仁武,2026-03-12,89,61.0,,83.0,89.0,6.0,19.0,57.0
48,橋頭,2026-03-12,92,61.0,,79.0,92.0,3.0,12.0,50.0
47,美濃,2026-03-12,80,80.0,,58.0,63.0,2.0,6.0,19.0
46,臺南,2026-03-12,91,58.0,,64.0,91.0,3.0,19.0,52.0
45,安南,2026-03-12,102,61.0,,61.0,102.0,3.0,19.0,52.0
44,善化,2026-03-12,81,61.0,,65.0,81.0,3.0,12.0,38.0
43,新營,2026-03-12,83,54.0,,62.0,83.0,3.0,19.0,48.0
42,嘉義,2026-03-12,72,54.0,,60.0,72.0,2.0,25.0,40.0
41,臺西,2026-03-12,64,,,53.0,64.0,2.0,12.0,17.0
40,朴子,2026-03-12,101,64.0,,54.0,101.0,2.0,12.0,38.0
39,新港,2026-03-12,89,58.0,,52.0,89.0,2.0,25.0,43.0
38,崙背,2026-03-12,100,54.0,,65.0,100.0,3.0,25.0,48.0
37,斗六,2026-03-12,90,77.0,,62.0,90.0,2.0,12.0,33.0
36,南投,2026-03-12,61,61.0,,57.0,55.0,2.0,6.0,43.0
35,二林,2026-03-12,89,64.0,,53.0,89.0,2.0,19.0,26.0
34,線西,2026-03-12,67,,,59.0,67.0,3.0,19.0,29.0
33,彰化,2026-03-12,58,54.0,,44.0,58.0,2.0,6.0,33.0
32,西屯,2026-03-12,61,61.0,,35.0,52.0,1.0,6.0,33.0
31,忠明,2026-03-12,55,54.0,,47.0,55.0,2.0,12.0,29.0
30,大里,2026-03-12,51,50.0,,40.0,51.0,2.0,6.0,43.0
29,沙鹿,2026-03-12,64,64.0,,53.0,57.0,1.0,6.0,24.0
28,豐原,2026-03-12,74,74.0,,36.0,38.0,2.0,12.0,24.0
27,三義,2026-03-12,67,67.0,,42.0,38.0,1.0,6.0,17.0
26,苗栗,2026-03-12,58,58.0,,46.0,38.0,1.0,6.0,31.0
25,頭份,2026-03-12,45,,,40.0,45.0,2.0,12.0,40.0
24,新竹,2026-03-12,49,49.0,,38.0,43.0,2.0,12.0,33.0
23,竹東,2026-03-12,54,54.0,,42.0,38.0,2.0,6.0,38.0
22,湖口,2026-03-12,54,54.0,,36.0,43.0,2.0,6.0,21.0
21,龍潭,2026-03-12,49,49.0,,48.0,47.0,2.0,12.0,33.0
20,平鎮,2026-03-12,51,47.0,,51.0,48.0,3.0,6.0,45.0
19,觀音,2026-03-12,51,51.0,,41.0,45.0,1.0,6.0,17.0
18,大園,2026-03-12,54,49.0,,44.0,45.0,1.0,12.0,54.0
17,桃園,2026-03-12,49,49.0,,42.0,45.0,3.0,6.0,36.0
16,大同,2026-03-12,61,,,52.0,42.0,8.0,12.0,61.0
15,松山,2026-03-12,49,49.0,,46.0,48.0,2.0,6.0,43.0
14,古亭,2026-03-12,48,48.0,,44.0,45.0,2.0,6.0,31.0
13,萬華,2026-03-12,46,43.0,,46.0,42.0,2.0,12.0,45.0
12,中山,2026-03-12,48,44.0,,48.0,48.0,3.0,6.0,45.0
11,士林,2026-03-12,58,58.0,,37.0,47.0,2.0,6.0,52.0
10,淡水,2026-03-12,50,50.0,,46.0,40.0,2.0,6.0,29.0
9,林口,2026-03-12,48,48.0,,41.0,42.0,2.0,12.0,36.0
8,菜寮,2026-03-12,59,48.0,,43.0,40.0,2.0,6.0,59.0
7,新莊,2026-03-12,53,51.0,,52.0,52.0,2.0,0.0,53.0
6,板橋,2026-03-12,57,48.0,,52.0,43.0,3.0,19.0,57.0
5,土城,2026-03-12,48,48.0,,33.0,43.0,2.0,6.0,36.0
4,新店,2026-03-12,50,49.0,,39.0,40.0,2.0,6.0,50.0
2,汐止,2026-03-12,52,49.0,,49.0,42.0,2.0,6.0,52.0
1,基隆,2026-03-12,58,58.0,,42.0,47.0,2.0,6.0,12.0
140,林森,2026-03-11,71,,,71.0,69.0,5.0,12.0,48.0
139,員林,2026-03-11,61,61.0,,53.0,53.0,2.0,6.0,40.0
88,臺灣大道,2026-03-11,56,,,48.0,38.0,6.0,6.0,56.0
85,大城,2026-03-11,84,84.0,,50.0,52.0,2.0,12.0,21.0
84,富貴角,2026-03-11,67,67.0,,39.0,47.0,1.0,0.0,2.0
83,麥寮,2026-03-11,64,,,48.0,64.0,3.0,12.0,36.0
80,關山,2026-03-11,41,41.0,,25.0,17.0,1.0,6.0,12.0
78,馬公,2026-03-11,77,77.0,,48.0,48.0,1.0,0.0,7.0
77,金門,2026-03-11,104,104.0,,84.0,63.0,3.0,19.0,29.0
75,馬祖,2026-03-11,93,93.0,,60.0,52.0,3.0,12.0,19.0
72,埔里,2026-03-11,50,50.0,,46.0,33.0,3.0,0.0,31.0
71,復興,2026-03-11,82,,,82.0,72.0,5.0,6.0,55.0
70,永和,2026-03-11,50,,,36.0,33.0,3.0,12.0,50.0
69,竹山,2026-03-11,74,74.0,,67.0,57.0,2.0,12.0,38.0
68,中壢,2026-03-11,57,,,42.0,42.0,5.0,6.0,57.0
67,三重,2026-03-11,65,,,39.0,43.0,9.0,12.0,65.0
66,冬山,2026-03-11,45,45.0,,36.0,35.0,1.0,0.0,19.0
65,宜蘭,2026-03-11,45,45.0,,27.0,25.0,2.0,6.0,24.0
64,陽明,2026-03-11,49,49.0,,21.0,25.0,1.0,12.0,2.0
63,花蓮,2026-03-11,45,45.0,,27.0,27.0,3.0,12.0,31.0
62,臺東,2026-03-11,45,45.0,,24.0,23.0,2.0,6.0,14.0
61,恆春,2026-03-11,47,47.0,,14.0,17.0,1.0,0.0,2.0
60,潮州,2026-03-11,93,93.0,,76.0,63.0,3.0,25.0,29.0
59,屏東,2026-03-11,77,77.0,,76.0,62.0,3.0,6.0,33.0
58,小港,2026-03-11,84,46.0,,84.0,69.0,5.0,12.0,55.0
57,前鎮,2026-03-11,76,,,76.0,67.0,5.0,12.0,55.0
56,前金,2026-03-11,84,74.0,,84.0,77.0,3.0,6.0,45.0
54,左營,2026-03-11,84,64.0,,84.0,73.0,5.0,6.0,40.0
53,楠梓,2026-03-11,82,54.0,,82.0,74.0,3.0,6.0,43.0
52,林園,2026-03-11,80,80.0,,80.0,71.0,3.0,31.0,53.0
51,大寮,2026-03-11,84,64.0,,84.0,71.0,3.0,6.0,48.0
50,鳳山,2026-03-11,87,,,87.0,70.0,6.0,12.0,54.0
49,仁武,2026-03-11,85,58.0,,85.0,72.0,3.0,12.0,53.0
48,橋頭,2026-03-11,87,58.0,,87.0,70.0,3.0,12.0,43.0
47,美濃,2026-03-11,80,80.0,,67.0,57.0,2.0,6.0,24.0
46,臺南,2026-03-11,65,64.0,,65.0,62.0,3.0,12.0,43.0
45,安南,2026-03-11,68,67.0,,68.0,65.0,3.0,12.0,33.0
44,善化,2026-03-11,69,61.0,,69.0,63.0,2.0,12.0,31.0
43,新營,2026-03-11,67,58.0,,66.0,67.0,2.0,19.0,33.0
42,嘉義,2026-03-11,71,49.0,,71.0,65.0,3.0,31.0,45.0
41,臺西,2026-03-11,52,,,42.0,52.0,2.0,6.0,21.0
40,朴子,2026-03-11,63,61.0,,54.0,63.0,2.0,12.0,36.0
39,新港,2026-03-11,68,61.0,,51.0,68.0,2.0,19.0,29.0
38,崙背,2026-03-11,65,58.0,,65.0,63.0,3.0,19.0,48.0
37,斗六,2026-03-11,77,77.0,,64.0,62.0,2.0,12.0,31.0
36,南投,2026-03-11,55,54.0,,55.0,47.0,3.0,0.0,51.0
35,二林,2026-03-11,72,58.0,,51.0,72.0,3.0,25.0,50.0
34,線西,2026-03-11,55,,,55.0,54.0,5.0,31.0,36.0
33,彰化,2026-03-11,48,48.0,,39.0,45.0,3.0,6.0,43.0
32,西屯,2026-03-11,51,50.0,,33.0,43.0,2.0,6.0,51.0
31,忠明,2026-03-11,51,51.0,,42.0,42.0,3.0,12.0,43.0
30,大里,2026-03-11,55,50.0,,41.0,42.0,3.0,6.0,55.0
29,沙鹿,2026-03-11,61,61.0,,46.0,45.0,2.0,12.0,33.0
28,豐原,2026-03-11,58,58.0,,33.0,28.0,2.0,12.0,36.0
27,三義,2026-03-11,58,58.0,,33.0,28.0,2.0,6.0,26.0
26,苗栗,2026-03-11,49,49.0,,44.0,38.0,2.0,25.0,36.0
25,頭份,2026-03-11,50,,,33.0,43.0,2.0,12.0,50.0
24,新竹,2026-03-11,48,48.0,,31.0,38.0,2.0,12.0,43.0
23,竹東,2026-03-11,48,48.0,,31.0,30.0,1.0,12.0,26.0
22,湖口,2026-03-11,49,49.0,,26.0,37.0,1.0,6.0,29.0
21,龍潭,2026-03-11,46,46.0,,33.0,38.0,2.0,12.0,36.0
20,平鎮,2026-03-11,48,43.0,,40.0,40.0,3.0,6.0,48.0
19,觀音,2026-03-11,51,51.0,,31.0,35.0,1.0,12.0,33.0
18,大園,2026-03-11,54,47.0,,34.0,40.0,1.0,12.0,54.0
17,桃園,2026-03-11,43,43.0,,26.0,35.0,2.0,6.0,38.0
16,大同,2026-03-11,63,,,35.0,28.0,7.0,6.0,63.0
15,松山,2026-03-11,57,44.0,,39.0,37.0,2.0,12.0,57.0
14,古亭,2026-03-11,45,45.0,,25.0,35.0,1.0,12.0,38.0
13,萬華,2026-03-11,55,43.0,,33.0,30.0,3.0,12.0,55.0
12,中山,2026-03-11,55,42.0,,37.0,37.0,3.0,6.0,55.0
11,士林,2026-03-11,46,46.0,,28.0,32.0,2.0,12.0,36.0
10,淡水,2026-03-11,46,46.0,,33.0,27.0,2.0,6.0,45.0
9,林口,2026-03-11,50,41.0,,27.0,35.0,2.0,12.0,50.0
8,菜寮,2026-03-11,51,47.0,,24.0,28.0,3.0,6.0,51.0
7,新莊,2026-03-11,48,48.0,,36.0,42.0,2.0,0.0,45.0
6,板橋,2026-03-11,48,45.0,,37.0,30.0,2.0,25.0,48.0
5,土城,2026-03-11,47,47.0,,19.0,32.0,2.0,6.0,38.0
4,新店,2026-03-11,52,47.0,,28.0,33.0,2.0,12.0,52.0
2,汐止,2026-03-11,59,47.0,,31.0,30.0,2.0,12.0,59.0
1,基隆,2026-03-11,50,50.0,,31.0,28.0,3.0,6.0,43.0
140,林森,2026-03-10,63,,,63.0,52.0,6.0,6.0,52.0
139,員林,2026-03-10,53,39.0,,53.0,35.0,2.0,6.0,36.0
88,臺灣大道,2026-03-10,58,,,49.0,32.0,6.0,6.0,58.0
85,大城,2026-03-10,61,44.0,,61.0,50.0,2.0,6.0,31.0
84,富貴角,2026-03-10,67,67.0,,60.0,65.0,1.0,0.0,2.0
83,麥寮,2026-03-10,56,,,56.0,47.0,3.0,12.0,40.0
80,關山,2026-03-10,40,40.0,,19.0,13.0,2.0,6.0,21.0
78,馬公,2026-03-10,64,58.0,,64.0,58.0,2.0,0.0,7.0
77,金門,2026-03-10,80,80.0,,72.0,53.0,2.0,12.0,19.0
75,馬祖,2026-03-10,96,80.0,,96.0,71.0,2.0,54.0,12.0
72,埔里,2026-03-10,50,17.0,,50.0,35.0,3.0,6.0,36.0
71,復興,2026-03-10,71,,,71.0,62.0,6.0,6.0,57.0
70,永和,2026-03-10,52,,,52.0,43.0,3.0,6.0,40.0
69,竹山,2026-03-10,53,32.0,,52.0,40.0,3.0,6.0,53.0
68,中壢,2026-03-10,60,,,56.0,50.0,6.0,6.0,60.0
67,三重,2026-03-10,67,,,56.0,54.0,10.0,6.0,67.0
66,冬山,2026-03-10,44,44.0,,42.0,27.0,2.0,0.0,31.0
65,宜蘭,2026-03-10,37,37.0,,23.0,13.0,2.0,6.0,24.0
64,陽明,2026-03-10,51,51.0,,21.0,22.0,2.0,6.0,2.0
63,花蓮,2026-03-10,42,42.0,,12.0,12.0,3.0,6.0,26.0
62,臺東,2026-03-10,42,42.0,,15.0,17.0,2.0,6.0,17.0
61,恆春,2026-03-10,49,49.0,,13.0,13.0,1.0,0.0,2.0
60,潮州,2026-03-10,78,31.0,,78.0,68.0,3.0,38.0,51.0
59,屏東,2026-03-10,74,24.0,,74.0,60.0,3.0,12.0,48.0
58,小港,2026-03-10,80,24.0,,80.0,64.0,5.0,12.0,60.0
57,前鎮,2026-03-10,67,,,67.0,60.0,5.0,12.0,56.0
56,前金,2026-03-10,70,26.0,,70.0,65.0,3.0,6.0,54.0
54,左營,2026-03-10,70,25.0,,70.0,59.0,5.0,6.0,52.0
53,楠梓,2026-03-10,73,26.0,,73.0,61.0,3.0,12.0,53.0
52,林園,2026-03-10,81,25.0,,81.0,71.0,5.0,31.0,58.0
51,大寮,2026-03-10,81,22.0,,81.0,65.0,3.0,19.0,59.0
50,鳳山,2026-03-10,80,,,80.0,63.0,6.0,12.0,60.0
49,仁武,2026-03-10,75,22.0,,75.0,60.0,5.0,12.0,54.0
48,橋頭,2026-03-10,75,27.0,,75.0,58.0,3.0,6.0,52.0
47,美濃,2026-03-10,59,27.0,,59.0,47.0,3.0,12.0,36.0
46,臺南,2026-03-10,53,32.0,,53.0,45.0,3.0,6.0,48.0
45,安南,2026-03-10,59,33.0,,59.0,47.0,3.0,12.0,45.0
44,善化,2026-03-10,63,33.0,,63.0,50.0,2.0,12.0,45.0
43,新營,2026-03-10,57,33.0,,57.0,45.0,2.0,12.0,38.0
42,嘉義,2026-03-10,56,32.0,,56.0,50.0,3.0,12.0,54.0
41,臺西,2026-03-10,48,,,48.0,47.0,2.0,12.0,36.0
40,朴子,2026-03-10,48,37.0,,48.0,47.0,3.0,12.0,38.0
39,新港,2026-03-10,46,37.0,,46.0,42.0,2.0,6.0,29.0
38,崙背,2026-03-10,57,39.0,,57.0,38.0,2.0,6.0,24.0
37,斗六,2026-03-10,59,37.0,,59.0,45.0,3.0,6.0,36.0
36,南投,2026-03-10,53,35.0,,53.0,35.0,3.0,6.0,52.0
35,二林,2026-03-10,53,41.0,,44.0,53.0,2.0,6.0,21.0
34,線西,2026-03-10,49,,,49.0,32.0,2.0,6.0,31.0
33,彰化,2026-03-10,40,39.0,,40.0,32.0,3.0,6.0,40.0
32,西屯,2026-03-10,39,39.0,,29.0,30.0,2.0,6.0,33.0
31,忠明,2026-03-10,45,39.0,,45.0,32.0,3.0,6.0,45.0
30,大里,2026-03-10,45,35.0,,31.0,27.0,3.0,6.0,45.0
29,沙鹿,2026-03-10,44,42.0,,44.0,32.0,2.0,6.0,21.0
28,豐原,2026-03-10,41,41.0,,26.0,18.0,2.0,6.0,21.0
27,三義,2026-03-10,44,44.0,,37.0,20.0,2.0,6.0,12.0
26,苗栗,2026-03-10,45,43.0,,45.0,27.0,2.0,6.0,29.0
25,頭份,2026-03-10,50,,,50.0,42.0,3.0,6.0,50.0
24,新竹,2026-03-10,52,40.0,,52.0,40.0,3.0,6.0,48.0
23,竹東,2026-03-10,46,46.0,,38.0,28.0,2.0,12.0,19.0
22,湖口,2026-03-10,45,44.0,,45.0,40.0,2.0,6.0,40.0
21,龍潭,2026-03-10,48,44.0,,48.0,38.0,2.0,6.0,29.0
20,平鎮,2026-03-10,58,37.0,,58.0,45.0,3.0,6.0,51.0
19,觀音,2026-03-10,52,44.0,,52.0,43.0,2.0,6.0,29.0
18,大園,2026-03-10,54,43.0,,52.0,45.0,2.0,6.0,54.0
17,桃園,2026-03-10,50,36.0,,50.0,42.0,3.0,6.0,50.0
16,大同,2026-03-10,67,,,59.0,40.0,9.0,12.0,67.0
15,松山,2026-03-10,58,41.0,,56.0,48.0,3.0,6.0,58.0
14,古亭,2026-03-10,52,43.0,,52.0,43.0,2.0,6.0,38.0
13,萬華,2026-03-10,54,42.0,,52.0,42.0,3.0,6.0,54.0
12,中山,2026-03-10,59,41.0,,59.0,50.0,5.0,6.0,57.0
11,士林,2026-03-10,50,46.0,,37.0,38.0,2.0,6.0,50.0
10,淡水,2026-03-10,51,44.0,,51.0,42.0,3.0,6.0,31.0
9,林口,2026-03-10,54,39.0,,44.0,37.0,3.0,6.0,54.0
8,菜寮,2026-03-10,50,44.0,,47.0,38.0,5.0,0.0,50.0
7,新莊,2026-03-10,54,45.0,,54.0,50.0,3.0,0.0,45.0
6,板橋,2026-03-10,58,42.0,,58.0,43.0,3.0,6.0,52.0
5,土城,2026-03-10,43,42.0,,41.0,42.0,3.0,6.0,43.0
4,新店,2026-03-10,45,44.0,,45.0,38.0,3.0,6.0,43.0
2,汐止,2026-03-10,59,39.0,,56.0,43.0,3.0,6.0,59.0
1,基隆,2026-03-10,53,47.0,,53.0,45.0,2.0,6.0,19.0
140,林森,2026-03-09,68,,,64.0,68.0,6.0,12.0,51.0
139,員林,2026-03-09,44,40.0,,44.0,37.0,2.0,6.0,29.0
88,臺灣大道,2026-03-09,54,,,39.0,28.0,5.0,6.0,54.0
85,大城,2026-03-09,53,48.0,,53.0,50.0,2.0,12.0,26.0
84,富貴角,2026-03-09,55,54.0,,50.0,55.0,1.0,0.0,2.0
83,麥寮,2026-03-09,53,,,50.0,53.0,2.0,12.0,24.0
80,關山,2026-03-09,43,43.0,,22.0,10.0,1.0,6.0,12.0
78,馬公,2026-03-09,55,48.0,,50.0,55.0,1.0,0.0,7.0
77,金門,2026-03-09,63,61.0,,63.0,54.0,2.0,6.0,17.0
75,馬祖,2026-03-09,59,58.0,,59.0,55.0,1.0,6.0,12.0
72,埔里,2026-03-09,60,40.0,,60.0,48.0,2.0,12.0,19.0
71,復興,2026-03-09,72,,,72.0,71.0,5.0,12.0,52.0
70,永和,2026-03-09,40,,,36.0,28.0,5.0,6.0,40.0
69,竹山,2026-03-09,63,41.0,,63.0,53.0,2.0,6.0,29.0
68,中壢,2026-03-09,54,,,37.0,32.0,5.0,6.0,54.0
67,三重,2026-03-09,61,,,30.0,30.0,9.0,6.0,61.0
66,冬山,2026-03-09,44,44.0,,28.0,12.0,1.0,0.0,31.0
65,宜蘭,2026-03-09,40,40.0,,16.0,13.0,2.0,6.0,17.0
64,陽明,2026-03-09,47,47.0,,6.0,12.0,1.0,6.0,2.0
63,花蓮,2026-03-09,42,42.0,,19.0,15.0,2.0,12.0,21.0
62,臺東,2026-03-09,44,44.0,,23.0,17.0,1.0,6.0,14.0
61,恆春,2026-03-09,44,44.0,,24.0,18.0,1.0,0.0,2.0
60,潮州,2026-03-09,88,74.0,,88.0,81.0,3.0,6.0,31.0
59,屏東,2026-03-09,88,71.0,,88.0,79.0,3.0,12.0,31.0
58,小港,2026-03-09,84,47.0,,84.0,70.0,3.0,6.0,51.0
57,前鎮,2026-03-09,67,,,67.0,65.0,3.0,12.0,53.0
56,前金,2026-03-09,74,50.0,,70.0,74.0,3.0,6.0,45.0
54,左營,2026-03-09,70,48.0,,69.0,70.0,3.0,6.0,45.0
53,楠梓,2026-03-09,74,48.0,,74.0,73.0,3.0,6.0,40.0
52,林園,2026-03-09,81,51.0,,81.0,78.0,3.0,31.0,45.0
51,大寮,2026-03-09,84,58.0,,84.0,77.0,3.0,38.0,48.0
50,鳳山,2026-03-09,76,,,76.0,69.0,5.0,6.0,45.0
49,仁武,2026-03-09,79,48.0,,79.0,69.0,3.0,19.0,45.0
48,橋頭,2026-03-09,77,48.0,,77.0,68.0,3.0,12.0,38.0
47,美濃,2026-03-09,84,51.0,,84.0,69.0,3.0,6.0,26.0
46,臺南,2026-03-09,61,45.0,,61.0,61.0,2.0,6.0,48.0
45,安南,2026-03-09,67,44.0,,67.0,64.0,3.0,12.0,45.0
44,善化,2026-03-09,70,44.0,,70.0,64.0,2.0,12.0,26.0
43,新營,2026-03-09,68,40.0,,68.0,63.0,2.0,6.0,31.0
42,嘉義,2026-03-09,66,37.0,,66.0,60.0,3.0,19.0,36.0
41,臺西,2026-03-09,50,,,48.0,50.0,2.0,12.0,24.0
40,朴子,2026-03-09,62,38.0,,53.0,62.0,2.0,6.0,26.0
39,新港,2026-03-09,54,40.0,,52.0,54.0,2.0,12.0,24.0
38,崙背,2026-03-09,58,39.0,,58.0,57.0,2.0,12.0,24.0
37,斗六,2026-03-09,62,41.0,,62.0,55.0,2.0,12.0,31.0
36,南投,2026-03-09,55,37.0,,55.0,38.0,2.0,6.0,31.0
35,二林,2026-03-09,65,40.0,,50.0,65.0,2.0,19.0,24.0
34,線西,2026-03-09,46,,,46.0,38.0,2.0,12.0,26.0
33,彰化,2026-03-09,38,38.0,,33.0,33.0,2.0,6.0,38.0
32,西屯,2026-03-09,40,40.0,,23.0,27.0,1.0,6.0,21.0
31,忠明,2026-03-09,37,37.0,,34.0,35.0,2.0,6.0,31.0
30,大里,2026-03-09,35,35.0,,34.0,33.0,2.0,6.0,33.0
29,沙鹿,2026-03-09,42,42.0,,39.0,32.0,1.0,12.0,19.0
28,豐原,2026-03-09,41,41.0,,30.0,25.0,2.0,6.0,14.0
27,三義,2026-03-09,43,43.0,,22.0,15.0,1.0,6.0,19.0
26,苗栗,2026-03-09,41,41.0,,28.0,20.0,1.0,6.0,21.0
25,頭份,2026-03-09,33,,,27.0,33.0,2.0,12.0,31.0
24,新竹,2026-03-09,43,43.0,,29.0,33.0,2.0,6.0,26.0
23,竹東,2026-03-09,46,46.0,,21.0,13.0,1.0,6.0,12.0
22,湖口,2026-03-09,44,44.0,,23.0,32.0,1.0,6.0,21.0
21,龍潭,2026-03-09,42,42.0,,26.0,25.0,1.0,6.0,21.0
20,平鎮,2026-03-09,45,37.0,,40.0,35.0,2.0,6.0,45.0
19,觀音,2026-03-09,44,44.0,,32.0,40.0,1.0,0.0,14.0
18,大園,2026-03-09,55,41.0,,38.0,37.0,2.0,12.0,55.0
17,桃園,2026-03-09,43,38.0,,22.0,22.0,2.0,6.0,43.0
16,大同,2026-03-09,61,,,35.0,20.0,7.0,6.0,61.0
15,松山,2026-03-09,53,38.0,,31.0,28.0,2.0,12.0,53.0
14,古亭,2026-03-09,40,40.0,,27.0,23.0,2.0,6.0,31.0
13,萬華,2026-03-09,40,39.0,,29.0,22.0,2.0,6.0,40.0
12,中山,2026-03-09,50,37.0,,35.0,28.0,3.0,0.0,50.0
11,士林,2026-03-09,45,45.0,,15.0,20.0,1.0,0.0,21.0
10,淡水,2026-03-09,44,44.0,,31.0,22.0,1.0,12.0,7.0
9,林口,2026-03-09,42,42.0,,24.0,25.0,1.0,6.0,31.0
8,菜寮,2026-03-09,39,39.0,,18.0,20.0,2.0,6.0,36.0
7,新莊,2026-03-09,40,38.0,,30.0,28.0,2.0,0.0,40.0
6,板橋,2026-03-09,43,38.0,,33.0,27.0,3.0,6.0,43.0
5,土城,2026-03-09,39,39.0,,21.0,27.0,2.0,6.0,29.0
4,新店,2026-03-09,39,39.0,,25.0,22.0,2.0,6.0,33.0
2,汐止,2026-03-09,43,43.0,,29.0,23.0,1.0,12.0,43.0
1,基隆,2026-03-09,46,46.0,,33.0,30.0,1.0,6.0,12.0
140,林森,2026-03-08,69,,,69.0,69.0,3.0,19.0,29.0
139,員林,2026-03-08,82,54.0,,82.0,63.0,3.0,19.0,29.0
88,臺灣大道,2026-03-08,66,,,66.0,51.0,6.0,12.0,54.0
85,大城,2026-03-08,60,50.0,,60.0,58.0,3.0,12.0,24.0
84,富貴角,2026-03-08,64,49.0,,56.0,64.0,1.0,0.0,2.0
83,麥寮,2026-03-08,58,,,55.0,58.0,3.0,12.0,21.0
80,關山,2026-03-08,39,39.0,,22.0,13.0,2.0,6.0,12.0
78,馬公,2026-03-08,64,46.0,,62.0,64.0,1.0,6.0,7.0
77,金門,2026-03-08,62,50.0,,62.0,52.0,2.0,12.0,19.0
75,馬祖,2026-03-08,60,51.0,,60.0,60.0,1.0,6.0,12.0
72,埔里,2026-03-08,73,54.0,,73.0,53.0,3.0,6.0,26.0
71,復興,2026-03-08,78,,,78.0,78.0,5.0,12.0,57.0
70,永和,2026-03-08,41,,,41.0,37.0,2.0,12.0,19.0
69,竹山,2026-03-08,92,87.0,,92.0,73.0,3.0,12.0,33.0
68,中壢,2026-03-08,40,,,40.0,32.0,3.0,6.0,38.0
67,三重,2026-03-08,57,,,44.0,40.0,8.0,12.0,57.0
66,冬山,2026-03-08,42,42.0,,22.0,7.0,1.0,6.0,14.0
65,宜蘭,2026-03-08,39,39.0,,18.0,8.0,1.0,6.0,14.0
64,陽明,2026-03-08,45,45.0,,5.0,8.0,1.0,6.0,2.0
63,花蓮,2026-03-08,43,43.0,,24.0,20.0,2.0,12.0,19.0
62,臺東,2026-03-08,44,44.0,,23.0,27.0,2.0,6.0,7.0
61,恆春,2026-03-08,44,44.0,,23.0,22.0,1.0,0.0,2.0
60,潮州,2026-03-08,81,80.0,,81.0,81.0,3.0,12.0,24.0
59,屏東,2026-03-08,93,93.0,,82.0,79.0,3.0,12.0,24.0
58,小港,2026-03-08,92,54.0,,92.0,77.0,5.0,12.0,52.0
57,前鎮,2026-03-08,72,,,72.0,70.0,5.0,19.0,55.0
56,前金,2026-03-08,75,67.0,,75.0,73.0,3.0,12.0,48.0
54,左營,2026-03-08,73,61.0,,73.0,73.0,5.0,6.0,45.0
53,楠梓,2026-03-08,84,67.0,,84.0,77.0,5.0,12.0,48.0
52,林園,2026-03-08,81,54.0,,79.0,81.0,5.0,25.0,43.0
51,大寮,2026-03-08,81,77.0,,81.0,73.0,5.0,6.0,50.0
50,鳳山,2026-03-08,81,,,81.0,77.0,5.0,12.0,52.0
49,仁武,2026-03-08,86,64.0,,86.0,77.0,5.0,19.0,48.0
48,橋頭,2026-03-08,89,64.0,,89.0,74.0,5.0,12.0,45.0
47,美濃,2026-03-08,87,87.0,,76.0,70.0,3.0,6.0,19.0
46,臺南,2026-03-08,64,54.0,,64.0,63.0,3.0,12.0,31.0
45,安南,2026-03-08,69,58.0,,69.0,63.0,3.0,12.0,26.0
44,善化,2026-03-08,74,61.0,,74.0,69.0,3.0,12.0,33.0
43,新營,2026-03-08,73,50.0,,73.0,68.0,3.0,12.0,31.0
42,嘉義,2026-03-08,76,58.0,,76.0,69.0,3.0,19.0,29.0
